stage,subject,version,book_name,chapter_name,keyword_count,keywords,will_create_book
senior,math,人教B版,必修第一册,第一章 集合与常用逻辑用语,5,"集合及其表示方法 | 集合的基本关系 | 集合的基本运算 | 命题与量词 | 充分条件与必要条件",是（新建）
senior,math,人教B版,必修第一册,第三章 函数,5,"函数及其表示方法 | 函数的单调性 | 函数的奇偶性 | 函数与方程、不等式之间的关系 | 函数的应用（一）",是（新建）
senior,math,人教B版,必修第一册,第二章 等式与不等式,5,"等式的性质与方程的解集 | 一元二次方程的解集及其根与系数的关系 | 不等式及其性质 | 一元二次不等式的解法 | 均值不等式及其应用",是（新建）
senior,math,人教B版,必修第三册,第七章 三角函数,7,"任意角的概念与弧度制 | 任意角的三角函数 | 同角三角函数关系与诱导公式 | 正弦函数与余弦函数的图象和性质 | 正切函数 | 函数y=Asin(ωx+φ)的图象与性质 | 三角函数的应用",是（新建）
senior,math,人教B版,必修第三册,第八章 向量的数量积与三角恒等变换,4,"向量的数量积 | 两角和与差的三角函数公式 | 二倍角公式 | 简单的三角恒等变换",是（新建）
senior,math,人教B版,必修第二册,第五章 统计与概率,3,"统计（抽样与样本估计总体） | 概率（事件与古典概型） | 统计与概率的应用",是（新建）
senior,math,人教B版,必修第二册,第六章 平面向量初步,2,"平面向量的概念与线性运算 | 向量基本定理与向量的坐标",是（新建）
senior,math,人教B版,必修第二册,第四章 指数函数、对数函数与幂函数,6,"指数与指数函数 | 对数与对数函数 | 指数函数与对数函数的关系 | 幂函数 | 增长速度的比较 | 函数的应用（二）",是（新建）
senior,math,人教B版,必修第四册,第九章 解三角形,3,"正弦定理 | 余弦定理 | 正弦定理与余弦定理的应用",是（新建）
senior,math,人教B版,必修第四册,第十一章 立体几何初步,5,"空间几何体与斜二测画法 | 构成空间几何体的基本元素 | 空间中的平行关系 | 空间中的垂直关系 | 空间几何体的表面积与体积",是（新建）
senior,math,人教B版,必修第四册,第十章 复数,3,"复数的概念及其几何意义 | 复数的四则运算 | 复数的三角形式及其运算",是（新建）
senior,math,人教B版,选择性必修第一册,第一章 空间向量与立体几何,6,"空间直角坐标系与空间向量 | 空间向量的线性运算与数量积 | 空间向量基本定理 | 空间向量运算的坐标表示 | 用空间向量证明平行与垂直 | 用空间向量求空间角与距离",是（新建）
senior,math,人教B版,选择性必修第一册,第二章 平面解析几何,9,"直线的倾斜角、斜率与方程 | 两条直线的位置关系与距离公式 | 圆的标准方程与一般方程 | 直线与圆、圆与圆的位置关系 | 曲线与方程 | 椭圆及其标准方程与几何性质 | 双曲线及其标准方程与几何性质 | 抛物线及其标准方程与几何性质 | 直线与圆锥曲线的位置关系",是（新建）
senior,math,人教B版,选择性必修第三册,第五章 数列,6,"数列的概念与表示 | 等差数列 | 等比数列 | 数列的求和 | 数列的综合应用 | 数学归纳法",是（新建）
senior,math,人教B版,选择性必修第三册,第六章 导数及其应用,6,"导数的概念及其几何意义 | 导数的运算 | 导数与函数的单调性 | 导数与函数的极值、最值 | 导数在研究不等式中的应用 | 导数与恒成立、存在性问题",是（新建）
senior,math,人教B版,选择性必修第二册,第三章 排列、组合与二项式定理,5,"两个基本计数原理 | 排列与排列数 | 组合与组合数 | 排列组合的综合应用 | 二项式定理与二项式系数的性质",是（新建）
senior,math,人教B版,选择性必修第二册,第四章 概率与统计,8,"条件概率与全概率公式 | 事件的独立性 | 离散型随机变量及其分布列 | 离散型随机变量的均值与方差 | 二项分布与超几何分布 | 正态分布 | 一元线性回归模型 | 独立性检验",是（新建）
senior,math,北师大版,必修第一册,第一章 预备知识,8,"集合的概念与表示 | 集合的基本关系 | 集合的基本运算 | 充分条件与必要条件 | 全称量词与存在量词 | 不等式的性质 | 基本不等式 | 一元二次函数与一元二次不等式",是（新建）
senior,math,北师大版,必修第一册,第三章 指数运算与指数函数,3,"指数幂的拓展 | 指数幂的运算性质 | 指数函数",是（新建）
senior,math,北师大版,必修第一册,第二章 函数,4,"生活中的变量关系 | 函数的概念 | 函数的单调性和最值 | 函数的奇偶性与简单的幂函数",是（新建）
senior,math,北师大版,必修第一册,第五章 函数应用,2,"方程解的存在性及方程的近似解 | 实际问题中的函数模型",是（新建）
senior,math,北师大版,必修第一册,第四章 对数运算和对数函数,4,"对数的概念 | 对数的运算 | 对数函数 | 指数函数、幂函数、对数函数增长的比较",是（新建）
senior,math,北师大版,必修第二册,第七章 概率,4,"随机现象与随机事件 | 古典概型 | 频率与概率 | 事件的独立性",是（新建）
senior,math,北师大版,必修第二册,第八章 数学建模活动（一）,3,"走进数学建模 | 数学建模的主要步骤 | 数学建模活动的主要过程",是（新建）
senior,math,北师大版,必修第二册,第六章 统计,4,"获取数据的途径 | 抽样的基本方法 | 用样本估计总体分布 | 用样本估计总体数字特征",是（新建）
senior,math,北师大版,选择性必修第一册,第一章 直线与圆,7,"直线的倾斜角、斜率及其关系 | 直线的方程 | 两条直线的平行与垂直 | 两条直线的交点坐标与距离公式 | 圆的标准方程与一般方程 | 直线与圆的位置关系 | 圆与圆的位置关系",是（新建）
senior,math,北师大版,选择性必修第一册,第三章 空间向量与立体几何,5,"空间直角坐标系 | 空间向量与向量运算 | 空间向量基本定理及坐标表示 | 用空间向量证明位置关系 | 空间角与距离的向量求法",是（新建）
senior,math,北师大版,选择性必修第一册,第二章 圆锥曲线,7,"椭圆及其标准方程 | 椭圆的简单几何性质 | 双曲线及其标准方程 | 双曲线的简单几何性质 | 抛物线及其标准方程 | 抛物线的简单几何性质 | 直线与圆锥曲线的位置关系",是（新建）
senior,math,北师大版,选择性必修第一册,第五章 概率,6,"条件概率与全概率公式 | 事件的独立性 | 离散型随机变量及其分布列 | 离散型随机变量的均值与方差 | 二项分布与超几何分布 | 正态分布",是（新建）
senior,math,北师大版,选择性必修第一册,第六章 统计案例,3,"一元线性回归 | 成对数据的线性相关性 | 独立性检验",是（新建）
senior,math,北师大版,选择性必修第一册,第四章 计数原理,3,"分类加法计数原理与分步乘法计数原理 | 排列与组合 | 二项式定理",是（新建）
senior,math,北师大版,选择性必修第二册,第一章 数列,5,"数列的概念及其函数特性 | 等差数列 | 等比数列 | 数列在日常经济生活中的应用 | 数学归纳法",是（新建）
senior,math,北师大版,选择性必修第二册,第二章 导数及其应用,6,"平均变化率与瞬时变化率 | 导数的概念及其几何意义 | 导数的计算与四则运算法则 | 简单复合函数的求导法则 | 用导数研究函数的性质 | 导数的实际应用",是（新建）
senior,math,湘教版,必修第一册,第1章 集合与逻辑,6,"集合（概念与表示） | 子集和补集 | 集合的交与并 | 命题 | 充分条件和必要条件 | 全称量词与存在量词",是（新建）
senior,math,湘教版,必修第一册,第2章 一元二次函数、方程和不等式,3,"相等关系与不等关系 | 从函数观点看一元二次方程 | 一元二次不等式",是（新建）
senior,math,湘教版,必修第一册,第3章 函数的概念与性质,2,"函数的概念 | 函数的基本性质（单调性与最值、奇偶性）",是（新建）
senior,math,湘教版,必修第一册,第4章 幂函数、指数函数和对数函数,5,"实数指数幂和幂函数 | 指数函数 | 对数函数 | 函数与方程（零点与二分法） | 函数模型及其应用",是（新建）
senior,math,湘教版,必修第一册,第5章 三角函数,5,"任意角与弧度制 | 任意角的三角函数 | 三角函数的图象与性质 | 函数y=Asin(ωx+φ)的图象与性质 | 三角函数模型的简单应用",是（新建）
senior,math,湘教版,必修第一册,第6章 统计学初步,4,"获取数据的途径及统计概念 | 抽样 | 统计图表 | 用样本估计总体",是（新建）
senior,math,湘教版,必修第二册,第1章 平面向量及其应用,7,"向量 | 向量的加法与减法 | 向量的数乘 | 向量的分解与坐标表示 | 向量的数量积 | 正弦定理与余弦定理 | 平面向量的应用举例",是（新建）
senior,math,湘教版,必修第二册,第2章 三角恒等变换,3,"两角和与差的三角函数 | 二倍角的三角函数 | 简单的三角恒等变换",是（新建）
senior,math,湘教版,必修第二册,第3章 复数,3,"复数的概念与几何表示 | 复数的四则运算 | 复数的三角表示",是（新建）
senior,math,湘教版,必修第二册,第4章 立体几何初步,5,"空间的几何体 | 平面（基本事实与推论） | 直线与直线、直线与平面的位置关系 | 平面与平面的位置关系 | 几种简单几何体的表面积和体积",是（新建）
senior,math,湘教版,必修第二册,第5章 概率,3,"随机事件与样本空间 | 古典概型 | 频率与概率",是（新建）
senior,math,湘教版,选择性必修第一册,第1章 数列,5,"数列的概念 | 等差数列 | 等比数列 | 数列的求和与综合应用 | 数学归纳法",是（新建）
senior,math,湘教版,选择性必修第一册,第2章 平面解析几何初步,7,"直线的斜率 | 直线的方程 | 两条直线的位置关系 | 点到直线的距离 | 圆的方程 | 直线与圆、圆与圆的位置关系 | 用坐标方法解决几何问题",是（新建）
senior,math,湘教版,选择性必修第一册,第3章 圆锥曲线与方程,6,"椭圆及其标准方程 | 双曲线及其标准方程 | 抛物线及其标准方程 | 曲线与方程 | 直线与圆锥曲线的位置关系 | 圆锥曲线的应用",是（新建）
senior,math,湘教版,选择性必修第一册,第4章 计数原理,4,"两个计数原理 | 排列 | 组合 | 二项式定理",是（新建）
senior,math,湘教版,选择性必修第二册,第1章 导数及其应用,3,"导数概念及其意义 | 导数的运算 | 导数在研究函数中的应用",是（新建）
senior,math,湘教版,选择性必修第二册,第2章 空间向量与立体几何,4,"空间直角坐标系 | 空间向量及其运算 | 空间向量基本定理及坐标表示 | 空间向量在立体几何中的应用",是（新建）
senior,math,湘教版,选择性必修第二册,第3章 概率,3,"条件概率与事件的独立性 | 离散型随机变量及其分布列 | 正态分布",是（新建）
senior,math,湘教版,选择性必修第二册,第4章 统计,3,"成对数据的统计相关性 | 一元线性回归模型 | 独立性检验",是（新建）
senior,math,苏教版,必修第一册,第1章 集合,3,"集合的概念与表示 | 子集、全集、补集 | 交集、并集",是（新建）
senior,math,苏教版,必修第一册,第2章 常用逻辑用语,3,"命题、定理、定义 | 充分条件、必要条件、充要条件 | 全称量词命题与存在量词命题",是（新建）
senior,math,苏教版,必修第一册,第3章 不等式,3,"不等式的基本性质 | 基本不等式 | 从函数观点看一元二次方程和一元二次不等式",是（新建）
senior,math,苏教版,必修第一册,第4章 指数与对数,2,"指数 | 对数",是（新建）
senior,math,苏教版,必修第一册,第5章 函数概念与性质,4,"函数的概念和图象 | 函数的表示方法 | 函数的单调性 | 函数的奇偶性",是（新建）
senior,math,苏教版,必修第一册,第6章 幂函数、指数函数和对数函数,3,"幂函数 | 指数函数 | 对数函数",是（新建）
senior,math,苏教版,必修第一册,第7章 三角函数,4,"角与弧度 | 三角函数概念 | 三角函数的图象和性质 | 三角函数应用",是（新建）
senior,math,苏教版,必修第二册,第10章 三角恒等变换,3,"两角和与差的三角函数 | 二倍角的三角函数 | 几个三角恒等式",是（新建）
senior,math,苏教版,必修第二册,第11章 解三角形,3,"余弦定理 | 正弦定理 | 余弦定理、正弦定理的应用",是（新建）
senior,math,苏教版,必修第二册,第12章 复数,4,"复数的概念 | 复数的运算 | 复数的几何意义 | 复数的三角形式",是（新建）
senior,math,苏教版,必修第二册,第13章 立体几何初步,3,"基本立体图形 | 基本图形位置关系（平行与垂直） | 空间图形的表面积和体积",是（新建）
senior,math,苏教版,必修第二册,第14章 统计,4,"获取数据的基本途径及相关概念 | 抽样 | 统计图表 | 用样本估计总体",是（新建）
senior,math,苏教版,必修第二册,第15章 概率,3,"随机事件和样本空间 | 随机事件的概率 | 互斥事件和独立事件",是（新建）
senior,math,苏教版,必修第二册,第8章 函数应用,2,"二分法与求方程近似解 | 函数与数学模型",是（新建）
senior,math,苏教版,必修第二册,第9章 平面向量,4,"向量概念 | 向量运算（加减、数乘、数量积） | 向量基本定理及坐标表示 | 向量应用",是（新建）
senior,math,苏教版,选择性必修第一册,第1章 直线与方程,4,"直线的斜率与倾斜角 | 直线的方程 | 两条直线的平行与垂直 | 两条直线的交点与平面上的距离",是（新建）
senior,math,苏教版,选择性必修第一册,第2章 圆与方程,2,"圆的方程 | 直线与圆、圆与圆的位置关系",是（新建）
senior,math,苏教版,选择性必修第一册,第3章 圆锥曲线与方程,4,"椭圆及其标准方程 | 双曲线及其标准方程 | 抛物线及其标准方程 | 直线与圆锥曲线的位置关系",是（新建）
senior,math,苏教版,选择性必修第一册,第4章 数列,4,"数列的概念 | 等差数列 | 等比数列 | 数学归纳法",是（新建）
senior,math,苏教版,选择性必修第一册,第5章 导数及其应用,4,"导数的概念与运算 | 导数与函数的单调性 | 导数与函数的极值、最值 | 导数在实际问题中的应用",是（新建）
senior,math,苏教版,选择性必修第二册,第6章 空间向量与立体几何,4,"空间向量及其运算 | 空间向量基本定理 | 空间向量的坐标表示 | 用空间向量解决立体几何问题",是（新建）
senior,math,苏教版,选择性必修第二册,第7章 计数原理,3,"两个基本计数原理 | 排列与组合 | 二项式定理",是（新建）
senior,math,苏教版,选择性必修第二册,第8章 概率,4,"条件概率与事件的独立性 | 离散型随机变量及其分布列 | 离散型随机变量的均值与方差 | 正态分布",是（新建）
senior,math,苏教版,选择性必修第二册,第9章 统计,3,"成对数据的统计相关性 | 一元线性回归模型 | 独立性检验",是（新建）
senior,physics,人教版,必修第一册,第一章 运动的描述,5,"质点与参考系 | 时间与位移 | 速度（平均速度与瞬时速度） | 加速度 | x-t图象与v-t图象",是（新建）
senior,physics,人教版,必修第一册,第三章 相互作用——力,5,"重力与弹力 | 摩擦力 | 牛顿第三定律 | 力的合成和分解 | 共点力的平衡",是（新建）
senior,physics,人教版,必修第一册,第二章 匀变速直线运动的研究,5,"匀变速直线运动速度与时间的关系 | 位移与时间的关系 | 速度与位移的关系 | 自由落体运动 | 实验：探究小车速度随时间变化的规律",是（新建）
senior,physics,人教版,必修第一册,第四章 运动和力的关系,6,"牛顿第一定律 | 实验：探究加速度与力、质量的关系 | 牛顿第二定律 | 力学单位制 | 牛顿运动定律的应用 | 超重和失重",是（新建）
senior,physics,人教版,必修第三册,第九章 静电场及其应用,4,"电荷与电荷守恒定律 | 库仑定律 | 电场与电场强度 | 静电的防止与利用",是（新建）
senior,physics,人教版,必修第三册,第十一章 电路及其应用,5,"电源和电流 | 导体的电阻 | 实验：导体电阻率的测量 | 串联电路和并联电路 | 实验：练习使用多用电表",是（新建）
senior,physics,人教版,必修第三册,第十三章 电磁感应与电磁波初步,5,"磁场与磁感线 | 磁感应强度与磁通量 | 电磁感应现象及其应用 | 电磁波的发现及应用 | 能量量子化",是（新建）
senior,physics,人教版,必修第三册,第十二章 电能 能量守恒定律,4,"电路中的能量转化 | 闭合电路的欧姆定律 | 实验：电池电动势和内阻的测量 | 能源与可持续发展",是（新建）
senior,physics,人教版,必修第三册,第十章 静电场中的能量,5,"电势能与电势 | 电势差 | 电势差与电场强度的关系 | 电容器的电容 | 带电粒子在电场中的运动",是（新建）
senior,physics,人教版,必修第二册,第七章 万有引力与宇宙航行,5,"行星的运动（开普勒定律） | 万有引力定律 | 万有引力理论的成就 | 宇宙航行 | 相对论时空观与牛顿力学的局限性",是（新建）
senior,physics,人教版,必修第二册,第五章 抛体运动,4,"曲线运动 | 运动的合成与分解 | 实验：探究平抛运动的特点 | 抛体运动的规律",是（新建）
senior,physics,人教版,必修第二册,第八章 机械能守恒定律,5,"功与功率 | 重力势能 | 动能和动能定理 | 机械能守恒定律 | 实验：验证机械能守恒定律",是（新建）
senior,physics,人教版,必修第二册,第六章 圆周运动,4,"圆周运动（线速度与角速度） | 向心加速度 | 向心力 | 生活中的圆周运动",是（新建）
senior,physics,人教版,选择性必修第一册,第一章 动量守恒定律,4,"动量与动量定理 | 动量守恒定律 | 碰撞问题（弹性碰撞与非弹性碰撞） | 反冲现象与火箭",是（新建）
senior,physics,人教版,选择性必修第一册,第三章 机械波,5,"波的形成与传播 | 波的图像 | 波长、频率和波速的关系 | 波的反射、折射、衍射与干涉 | 多普勒效应",是（新建）
senior,physics,人教版,选择性必修第一册,第二章 机械振动,4,"简谐运动及其描述 | 简谐运动的回复力与能量 | 单摆与周期公式 | 受迫振动与共振",是（新建）
senior,physics,人教版,选择性必修第一册,第四章 光,4,"光的折射与全反射 | 光的干涉（双缝干涉与薄膜干涉） | 光的衍射与偏振 | 光的颜色与激光",是（新建）
senior,physics,人教版,选择性必修第三册,第一章 分子动理论,5,"分子动理论的基本内容 | 油膜法估测分子的大小 | 分子运动速率分布规律 | 分子动能与分子势能 | 气体的压强与温度的关系",是（新建）
senior,physics,人教版,选择性必修第三册,第三章 热力学定律,4,"功、热与内能的改变 | 热力学第一定律 | 能量守恒定律 | 热力学第二定律与熵",是（新建）
senior,physics,人教版,选择性必修第三册,第二章 气体、固体和液体,4,"气体的等温变化 | 气体的等压变化与等容变化 | 理想气体的状态方程 | 固体与液体的性质",是（新建）
senior,physics,人教版,选择性必修第三册,第五章 原子核,4,"原子核的组成 | 放射性元素的衰变与半衰期 | 核力与结合能 | 核裂变与核聚变",是（新建）
senior,physics,人教版,选择性必修第三册,第四章 原子结构和波粒二象性,4,"光电效应与爱因斯坦光电效应方程 | 光的波粒二象性 | 原子的核式结构模型 | 氢原子光谱与玻尔原子模型",是（新建）
senior,physics,人教版,选择性必修第二册,第一章 安培力与洛伦兹力,5,"安培力及安培力作用下的导体运动 | 洛伦兹力 | 带电粒子在匀强磁场中的运动 | 带电粒子在有界磁场中的临界问题 | 带电粒子在组合场、叠加场中的运动",是（新建）
senior,physics,人教版,选择性必修第二册,第三章 交变电流,4,"交变电流的产生与描述 | 交变电流的有效值与平均值 | 变压器及理想变压器的动态分析 | 远距离输电",是（新建）
senior,physics,人教版,选择性必修第二册,第二章 电磁感应,6,"楞次定律与右手定则 | 法拉第电磁感应定律 | 电磁感应中的电路问题 | 电磁感应中的图像问题 | 电磁感应中的动力学与能量问题 | 自感与涡流",是（新建）
senior,physics,人教版,选择性必修第二册,第五章 传感器,2,"常见传感器的工作原理 | 传感器的应用",是（新建）
senior,physics,人教版,选择性必修第二册,第四章 电磁振荡与电磁波,3,"LC振荡电路与电磁振荡 | 电磁场与电磁波 | 电磁波谱",是（新建）
senior,physics,教科版,必修第一册,第一章 描述运动的基本概念,5,"参考系 时间 质点 | 位置 位移 | 速度 | 实验：用打点计时器测量小车的速度 | 加速度",是（新建）
senior,physics,教科版,必修第一册,第三章 相互作用,6,"力 重力 | 弹力 | 摩擦力 | 力的合成 | 力的分解 | 共点力作用下物体的平衡",是（新建）
senior,physics,教科版,必修第一册,第二章 匀变速直线运动的规律,5,"匀变速直线运动的研究 | 速度与时间的关系 | 位移与时间的关系 | 匀变速直线运动规律的应用 | 自由落体运动",是（新建）
senior,physics,教科版,必修第一册,第四章 牛顿运动定律,7,"牛顿第一定律 | 实验：探究加速度与力、质量的关系 | 牛顿第二定律 | 力学单位制 | 牛顿第三定律 | 牛顿运动定律的应用 | 超重与失重",是（新建）
senior,physics,教科版,必修第三册,第一章 静电场,9,"电荷 电荷守恒定律 | 库仑定律 | 静电场 电场强度和电场线 | 电场力的功 电势能 | 电势 电势差 | 电势差与电场强度的关系 | 静电的利用和防护 | 电容器 电容 | 带电粒子在电场中的运动",是（新建）
senior,physics,教科版,必修第三册,第三章 电磁场与电磁波初步,5,"磁场 磁感线 | 磁感应强度 磁通量 | 电磁感应现象及其应用 | 电磁波的发现及其应用 | 微观世界的量子化",是（新建）
senior,physics,教科版,必修第三册,第二章 电路及其应用,8,"电流 电压 电阻 | 实验：练习使用多用电表 | 电阻定律 电阻率 | 实验：测量金属的电阻率 | 实验：描绘I-U特性曲线 | 电源的电动势和内阻 闭合电路欧姆定律 | 实验：测量电池的电动势和内阻 | 焦耳定律 电路中的能量转化",是（新建）
senior,physics,教科版,必修第三册,第四章 能源与可持续发展,3,"能量 能量守恒定律 | 能源 | 环境保护与可持续发展",是（新建）
senior,physics,教科版,必修第二册,第一章 抛体运动,4,"认识曲线运动 | 运动的合成与分解 | 实验：探究平抛运动的特点 | 研究平抛运动的规律",是（新建）
senior,physics,教科版,必修第二册,第三章 万有引力定律,4,"天体运动 | 万有引力定律 | 预言未知星体 计算天体质量 | 人造卫星与宇宙速度",是（新建）
senior,physics,教科版,必修第二册,第二章 匀速圆周运动,3,"圆周运动 | 匀速圆周运动的向心力和向心加速度 | 圆周运动的实例分析",是（新建）
senior,physics,教科版,必修第二册,第五章 经典力学的局限性与相对论初步,3,"经典力学的成就与局限性 | 相对论时空观简介 | 宇宙的起源和演化",是（新建）
senior,physics,教科版,必修第二册,第四章 机械能及其守恒定律,6,"功 | 功率 | 动能 动能定理 | 势能 | 机械能守恒定律 | 实验：验证机械能守恒定律",是（新建）
senior,physics,教科版,选择性必修第一册,第一章 动量与动量守恒定律,4,"动量与动量定理 | 动量守恒定律 | 验证动量守恒定律实验 | 碰撞与反冲",是（新建）
senior,physics,教科版,选择性必修第一册,第三章 机械波,4,"机械波的产生与传播 | 波的图像 | 波的干涉与衍射 | 多普勒效应",是（新建）
senior,physics,教科版,选择性必修第一册,第二章 机械振动,3,"简谐运动及其描述 | 单摆 | 受迫振动与共振",是（新建）
senior,physics,教科版,选择性必修第一册,第四章 光及其应用,4,"光的折射定律与折射率 | 全反射 | 光的干涉 | 光的衍射与偏振",是（新建）
senior,physics,教科版,选择性必修第三册,第一章 分子动理论,3,"分子动理论的基本观点 | 油膜法估测分子的大小 | 分子运动速率分布与分子动能、势能",是（新建）
senior,physics,教科版,选择性必修第三册,第三章 热力学定律,2,"热力学第一定律与能量守恒 | 热力学第二定律",是（新建）
senior,physics,教科版,选择性必修第三册,第二章 固体、液体和气体,4,"固体的微观结构 | 液体的表面张力与毛细现象 | 气体实验定律 | 理想气体状态方程",是（新建）
senior,physics,教科版,选择性必修第三册,第五章 原子核与基本粒子,4,"原子核的组成与放射性衰变 | 核力与结合能 | 核裂变与核聚变 | 基本粒子",是（新建）
senior,physics,教科版,选择性必修第三册,第六章 波粒二象性,3,"光电效应 | 光的波粒二象性 | 粒子的波动性",是（新建）
senior,physics,教科版,选择性必修第三册,第四章 原子结构,2,"电子的发现与原子的核式结构模型 | 氢原子光谱与玻尔模型",是（新建）
senior,physics,教科版,选择性必修第二册,第一章 磁场对电流的作用,3,"安培力与安培力的应用 | 洛伦兹力与洛伦兹力的应用 | 带电粒子在磁场中的运动",是（新建）
senior,physics,教科版,选择性必修第二册,第三章 交流电,4,"交变电流的产生 | 正弦交变电流的描述 | 变压器 | 电能的传输",是（新建）
senior,physics,教科版,选择性必修第二册,第二章 电磁感应及其应用,4,"楞次定律 | 法拉第电磁感应定律 | 涡流、电磁阻尼与电磁驱动 | 自感",是（新建）
senior,physics,教科版,选择性必修第二册,第五章 传感器,2,"传感器的工作原理 | 传感器的应用",是（新建）
senior,physics,教科版,选择性必修第二册,第四章 电磁振荡与电磁波,3,"电磁振荡 | 电磁场与电磁波 | 电磁波谱",是（新建）
senior,chemistry,人教版,必修第一册,第1章 物质及其变化,3,"物质的分类与转化 | 离子反应（电离与离子方程式） | 氧化还原反应（本质、氧化剂与还原剂）",是（新建）
senior,chemistry,人教版,必修第一册,第2章 海水中的重要元素——钠和氯,4,"钠及其化合物 | 氯及其化合物 | 物质的量（阿伏加德罗常数与摩尔质量） | 气体摩尔体积与物质的量浓度",是（新建）
senior,chemistry,人教版,必修第一册,第3章 铁 金属材料,2,"铁及其化合物的性质与转化 | 合金与金属材料",是（新建）
senior,chemistry,人教版,必修第一册,第4章 物质结构 元素周期律,3,"原子结构与元素周期表 | 元素周期律 | 化学键",是（新建）
senior,chemistry,人教版,必修第二册,第5章 化工生产中的重要非金属元素,3,"硫及其化合物 | 氮及其化合物 | 无机非金属材料（硅等）",是（新建）
senior,chemistry,人教版,必修第二册,第6章 化学反应与能量,4,"化学反应与热能 | 化学反应与电能（原电池） | 化学反应的速率 | 化学反应的限度（化学平衡）",是（新建）
senior,chemistry,人教版,必修第二册,第7章 有机化合物,4,"认识有机化合物（甲烷与烷烃） | 乙烯与有机高分子材料 | 乙醇与乙酸 | 基本营养物质（糖类、油脂、蛋白质）",是（新建）
senior,chemistry,人教版,必修第二册,第8章 化学与可持续发展,3,"自然资源的开发利用 | 化学品的合理使用 | 环境保护与绿色化学",是（新建）
senior,chemistry,人教版,选择性必修第一册,第一章 化学反应的热效应,4,"反应热与焓变 | 热化学方程式 | 盖斯定律 | 反应热的计算",是（新建）
senior,chemistry,人教版,选择性必修第一册,第三章 水溶液中的离子反应与平衡,5,"弱电解质的电离平衡 | 水的电离与溶液的pH | 酸碱中和滴定 | 盐类的水解 | 沉淀溶解平衡",是（新建）
senior,chemistry,人教版,选择性必修第一册,第二章 化学反应速率与化学平衡,5,"化学反应速率及影响因素 | 化学平衡状态与化学平衡常数 | 影响化学平衡的因素 | 化学反应的方向 | 化学反应的调控",是（新建）
senior,chemistry,人教版,选择性必修第三册,第一章 有机化合物的结构特点与研究方法,4,"有机化合物的分类与官能团 | 有机化合物的结构特点 | 有机化合物的命名 | 有机物结构的测定方法",是（新建）
senior,chemistry,人教版,选择性必修第三册,第三章 烃的衍生物,5,"卤代烃 | 醇与酚 | 醛与酮 | 羧酸与酯 | 有机合成",是（新建）
senior,chemistry,人教版,选择性必修第三册,第二章 烃,4,"烷烃 | 烯烃与炔烃 | 芳香烃 | 烃的性质比较与应用",是（新建）
senior,chemistry,人教版,选择性必修第三册,第五章 合成高分子,2,"加聚反应与缩聚反应 | 合成高分子材料",是（新建）
senior,chemistry,人教版,选择性必修第三册,第四章 生物大分子,4,"糖类 | 油脂 | 蛋白质 | 核酸",是（新建）
senior,chemistry,人教版,选择性必修第二册,第一章 原子结构与性质,4,"能层与能级、构造原理 | 原子光谱与电子排布式 | 电离能与电负性 | 元素周期律的微观解释",是（新建）
senior,chemistry,人教版,选择性必修第二册,第三章 晶体结构与性质,4,"晶体的常识与晶胞 | 分子晶体与共价晶体 | 金属晶体与离子晶体 | 配合物与超分子",是（新建）
senior,chemistry,人教版,选择性必修第二册,第二章 分子结构与性质,5,"共价键的类型与键参数 | 分子的空间结构 | 杂化轨道理论 | 配合物 | 分子间作用力（范德华力与氢键）",是（新建）
senior,chemistry,苏科版,必修第一册,专题1 物质的分类及计量,4,"物质的分类 | 物质的转化与化学反应类型 | 物质的量（化学计量） | 物质的分散系（胶体）",是（新建）
senior,chemistry,苏科版,必修第一册,专题2 研究物质的基本方法,3,"研究物质的实验方法（物质分离与提纯） | 溶液组成的定量研究（物质的量浓度） | 人类对原子结构的认识",是（新建）
senior,chemistry,苏科版,必修第一册,专题3 从海水中获得的化学物质,3,"氯气及氯的化合物 | 金属钠及钠的化合物 | 海洋化学资源的综合利用",是（新建）
senior,chemistry,苏科版,必修第一册,专题4 硫与环境保护,3,"含硫化合物的性质 | 硫及其化合物的相互转化 | 防治二氧化硫对环境的污染",是（新建）
senior,chemistry,苏科版,必修第一册,专题5 微观结构与物质的多样性,3,"元素周期律和元素周期表 | 微粒之间的相互作用（离子键与共价键） | 从微观结构看物质的多样性",是（新建）
senior,chemistry,苏科版,必修第二册,专题6 化学反应与能量变化,3,"化学反应速率与反应限度 | 化学反应中的热（吸热与放热反应） | 化学能与电能的转化",是（新建）
senior,chemistry,苏科版,必修第二册,专题7 氮与社会可持续发展,3,"氮的固定 | 重要的含氮化工原料（氨与硝酸） | 含氮化合物的合理使用",是（新建）
senior,chemistry,苏科版,必修第二册,专题8 有机化合物的获得与应用,3,"化石燃料与有机化合物 | 食品中的有机化合物 | 人工合成有机化合物",是（新建）
senior,chemistry,苏科版,必修第二册,专题9 金属与人类文明,3,"金属的冶炼方法 | 探究铁及其化合物的转化 | 金属材料的性能及应用",是（新建）
senior,chemistry,苏科版,选择性必修第一册,专题1 化学反应与能量,4,"化学反应的热效应 | 化学能与电能的转化（原电池） | 电解与电能转化为化学能 | 金属的腐蚀与防护",是（新建）
senior,chemistry,苏科版,选择性必修第一册,专题2 化学反应速率与化学平衡,3,"化学反应速率及影响因素 | 化学反应的方向与限度 | 化学平衡的移动",是（新建）
senior,chemistry,苏科版,选择性必修第一册,专题3 水溶液中的离子反应,4,"弱电解质的电离平衡 | 溶液的酸碱性 | 盐类的水解 | 沉淀溶解平衡",是（新建）
senior,chemistry,苏科版,选择性必修第三册,专题1 有机化学的发展及研究思路,2,"有机化学的发展历程 | 有机化合物的研究思路",是（新建）
senior,chemistry,苏科版,选择性必修第三册,专题2 有机物的结构与分类,3,"有机物的结构特点 | 有机物的分类与命名 | 同分异构现象",是（新建）
senior,chemistry,苏科版,选择性必修第三册,专题3 石油化工的基础物质——烃,2,"脂肪烃的性质及应用 | 芳香烃的性质及应用",是（新建）
senior,chemistry,苏科版,选择性必修第三册,专题4 生活中常用的有机物——烃的含氧衍生物,3,"醇和酚 | 醛的性质与应用 | 羧酸与酯",是（新建）
senior,chemistry,苏科版,选择性必修第三册,专题5 药物合成的重要原料——卤代烃、胺、酰胺,3,"卤代烃 | 胺和酰胺 | 有机合成设计",是（新建）
senior,chemistry,苏科版,选择性必修第三册,专题6 生命活动的物质基础——糖类、油脂、蛋白质,2,"糖类和油脂 | 蛋白质的性质与应用",是（新建）
senior,chemistry,苏科版,选择性必修第二册,专题1 揭示物质结构的奥秘,2,"物质结构的研究方法 | 物质结构研究的意义",是（新建）
senior,chemistry,苏科版,选择性必修第二册,专题2 原子结构与元素性质,2,"原子核外电子的运动 | 元素性质的递变规律",是（新建）
senior,chemistry,苏科版,选择性必修第二册,专题3 微粒间作用力与物质性质,4,"金属键与金属晶体 | 离子键与离子晶体 | 共价键与共价晶体 | 分子间作用力与分子晶体",是（新建）
senior,chemistry,苏科版,选择性必修第二册,专题4 分子空间结构与物质性质,2,"分子的空间结构 | 配合物的形成和应用",是（新建）
senior,chemistry,鲁科版,必修第一册,第1章 认识化学科学,3,"走进化学科学 | 研究物质性质的方法和程序 | 化学中常用的物理量——物质的量",是（新建）
senior,chemistry,鲁科版,必修第一册,第2章 元素与物质世界,3,"元素与物质的分类 | 电解质的电离与离子反应 | 氧化还原反应",是（新建）
senior,chemistry,鲁科版,必修第一册,第3章 物质的性质与转化,3,"铁的多样性 | 硫的转化 | 氮的循环",是（新建）
senior,chemistry,鲁科版,必修第二册,第1章 原子结构 元素周期律,3,"原子结构与元素性质 | 元素周期律和元素周期表 | 元素周期表的应用",是（新建）
senior,chemistry,鲁科版,必修第二册,第2章 化学键 化学反应规律,3,"化学键与物质构成 | 化学反应与能量转化 | 化学反应的快慢和限度",是（新建）
senior,chemistry,鲁科版,必修第二册,第3章 简单的有机化合物,3,"认识有机化合物 | 从化石燃料中获取有机化合物 | 饮食中的有机化合物",是（新建）
senior,chemistry,鲁科版,选择性必修第一册,第1章 化学反应与能量转化,4,"化学反应的热效应 | 化学能转化为电能——电池 | 电能转化为化学能——电解 | 金属的腐蚀与防护",是（新建）
senior,chemistry,鲁科版,选择性必修第一册,第2章 化学反应的方向、限度与速率,4,"化学反应的方向 | 化学反应的限度（化学平衡常数） | 化学反应的速率及影响因素 | 化学反应条件的优化——工业合成氨",是（新建）
senior,chemistry,鲁科版,选择性必修第一册,第3章 物质在水溶液中的行为,4,"水与水溶液 | 弱电解质的电离与盐类的水解 | 沉淀溶解平衡 | 离子反应",是（新建）
senior,chemistry,鲁科版,选择性必修第三册,第1章 有机化合物的结构与性质 烃,3,"有机化合物的结构特点 | 烷烃、烯烃、炔烃 | 芳香烃",是（新建）
senior,chemistry,鲁科版,选择性必修第三册,第2章 官能团与有机化学反应 烃的衍生物,5,"有机化学反应类型 | 醇和酚 | 醛和酮 | 糖类和核酸 | 羧酸、氨基酸和蛋白质",是（新建）
senior,chemistry,鲁科版,选择性必修第三册,第3章 有机合成及其应用 合成高分子化合物,3,"有机合成设计 | 合成高分子化合物的基本方法 | 合成高分子化合物的应用",是（新建）
senior,chemistry,鲁科版,选择性必修第二册,第1章 原子结构与元素性质,3,"原子结构模型 | 核外电子排布与元素周期律 | 电离能与电负性",是（新建）
senior,chemistry,鲁科版,选择性必修第二册,第2章 微粒间相互作用与物质性质,4,"共价键模型 | 共价键与分子的空间结构 | 离子键、配位键与金属键 | 分子间作用力",是（新建）
senior,chemistry,鲁科版,选择性必修第二册,第3章 不同聚集状态的物质与性质,3,"认识晶体 | 几种简单的晶体结构模型 | 液晶、纳米材料与超分子",是（新建）
senior,biology,人教版,必修1 分子与细胞,第1章 走近细胞,4,"细胞是生命活动的基本单位 | 细胞学说的建立过程 | 显微镜的使用与细胞观察 | 原核细胞与真核细胞",是（新建）
senior,biology,人教版,必修1 分子与细胞,第2章 组成细胞的分子,5,"细胞中的元素和化合物 | 细胞中的无机物（水和无机盐） | 细胞中的糖类和脂质 | 蛋白质的结构与功能 | 核酸的结构与功能",是（新建）
senior,biology,人教版,必修1 分子与细胞,第3章 细胞的基本结构,3,"细胞膜的结构和功能 | 细胞器之间的分工合作 | 细胞核的结构和功能",是（新建）
senior,biology,人教版,必修1 分子与细胞,第4章 细胞的物质输入和输出,2,"被动运输（自由扩散与协助扩散） | 主动运输与胞吞胞吐",是（新建）
senior,biology,人教版,必修1 分子与细胞,第5章 细胞的能量供应和利用,5,"酶的作用与本质 | 影响酶活性的条件 | ATP的结构与功能 | 细胞呼吸的原理和应用 | 光合作用的原理和应用",是（新建）
senior,biology,人教版,必修1 分子与细胞,第6章 细胞的生命历程,3,"细胞的增殖（有丝分裂） | 细胞的分化 | 细胞的衰老和死亡",是（新建）
senior,biology,人教版,必修2 遗传与进化,第1章 遗传因子的发现,4,"孟德尔的豌豆杂交实验（一）与分离定律 | 分离定律的应用 | 孟德尔的豌豆杂交实验（二）与自由组合定律 | 自由组合定律的应用",是（新建）
senior,biology,人教版,必修2 遗传与进化,第2章 基因和染色体的关系,3,"减数分裂与受精作用 | 基因在染色体上 | 伴性遗传",是（新建）
senior,biology,人教版,必修2 遗传与进化,第3章 基因的本质,4,"DNA是主要的遗传物质 | DNA的结构 | DNA的复制 | 基因与DNA的关系",是（新建）
senior,biology,人教版,必修2 遗传与进化,第4章 基因的表达,3,"遗传信息的转录 | 遗传信息的翻译 | 基因表达与性状的关系",是（新建）
senior,biology,人教版,必修2 遗传与进化,第5章 基因突变及其他变异,3,"基因突变和基因重组 | 染色体变异 | 人类遗传病",是（新建）
senior,biology,人教版,必修2 遗传与进化,第6章 生物的进化,4,"生物有共同祖先的证据 | 自然选择与适应的形成 | 种群基因组成的变化与物种的形成 | 协同进化与生物多样性的形成",是（新建）
senior,biology,人教版,选择性必修第一册,第1章 人体的内环境与稳态,2,"细胞生活的环境（内环境） | 内环境的稳态及其调节机制",是（新建）
senior,biology,人教版,选择性必修第一册,第2章 神经调节,4,"神经调节的结构基础 | 反射与反射弧 | 神经冲动的产生和传导 | 神经系统的分级调节与人脑的高级功能",是（新建）
senior,biology,人教版,选择性必修第一册,第3章 体液调节,4,"激素与内分泌系统 | 激素调节的过程 | 神经调节与体液调节的关系 | 体温调节与水盐调节",是（新建）
senior,biology,人教版,选择性必修第一册,第4章 免疫调节,3,"免疫系统的组成与功能 | 体液免疫与细胞免疫 | 免疫失调与免疫学的应用",是（新建）
senior,biology,人教版,选择性必修第一册,第5章 植物生命活动的调节,3,"植物生长素的发现与作用 | 其他植物激素及其应用 | 环境因素参与调节植物的生命活动",是（新建）
senior,biology,人教版,选择性必修第三册,第1章 发酵工程,3,"微生物的培养与应用 | 微生物的选择培养和计数 | 发酵工程及其应用",是（新建）
senior,biology,人教版,选择性必修第三册,第2章 细胞工程,4,"植物细胞工程 | 动物细胞培养与核移植技术 | 动物细胞融合与单克隆抗体 | 胚胎工程及其应用",是（新建）
senior,biology,人教版,选择性必修第三册,第3章 基因工程,3,"基因工程的基本工具与操作程序 | 基因工程的应用 | 蛋白质工程",是（新建）
senior,biology,人教版,选择性必修第三册,第4章 生物技术的安全性与伦理问题,3,"转基因产品的安全性 | 生物技术伦理问题 | 禁止生物武器",是（新建）
senior,biology,人教版,选择性必修第二册,第1章 种群及其动态,3,"种群的数量特征 | 种群数量的变化 | 影响种群数量变化的因素",是（新建）
senior,biology,人教版,选择性必修第二册,第2章 群落及其演替,3,"群落的结构 | 群落的主要类型 | 群落的演替",是（新建）
senior,biology,人教版,选择性必修第二册,第3章 生态系统及其稳定性,5,"生态系统的结构 | 生态系统的能量流动 | 生态系统的物质循环 | 生态系统的信息传递 | 生态系统的稳定性",是（新建）
senior,biology,人教版,选择性必修第二册,第4章 人与环境,3,"人类活动对生态环境的影响 | 生物多样性及其保护 | 生态工程",是（新建）
senior,biology,苏教版,必修1 分子与细胞,第1章 细胞的分子组成,3,"细胞中的元素和无机化合物 | 细胞中的糖类和脂质 | 细胞中的蛋白质和核酸",是（新建）
senior,biology,苏教版,必修1 分子与细胞,第2章 细胞的结构和生命活动,3,"细胞学说——现代生物学的基石 | 细胞——生命活动的基本单位（细胞膜与细胞器） | 物质进出细胞的运输方式",是（新建）
senior,biology,苏教版,必修1 分子与细胞,第3章 细胞中能量的转换和利用,3,"生命活动需要酶和能源物质 | 光合作用 | 细胞呼吸",是（新建）
senior,biology,苏教版,必修2 遗传与进化,第1章 遗传的细胞基础,4,"减数分裂和受精作用 | 分离定律 | 自由组合定律 | 基因位于染色体上与伴性遗传",是（新建）
senior,biology,苏教版,必修2 遗传与进化,第2章 遗传的分子基础,3,"DNA是主要的遗传物质 | DNA的结构和复制 | 遗传信息控制生物的性状",是（新建）
senior,biology,苏教版,必修2 遗传与进化,第3章 生物的变异,3,"染色体变异及其作用 | 基因突变和基因重组 | 关注人类遗传病",是（新建）
senior,biology,苏教版,必修2 遗传与进化,第4章 生物的进化,3,"自然选择学说与生物进化理论 | 现代生物进化理论 | 生物多样性的形成",是（新建）
senior,biology,苏教版,选择性必修第一册,第一章 人体稳态维持的生理基础,2,"神经调节 | 体液调节",是（新建）
senior,biology,苏教版,选择性必修第一册,第三章 人的免疫调节与稳态,2,"人体的免疫应答 | 人体免疫功能异常",是（新建）
senior,biology,苏教版,选择性必修第一册,第二章 人体内环境与稳态,4,"内环境的稳态 | 血糖平衡的调节 | 水盐平衡的调节 | 体温稳定的调节",是（新建）
senior,biology,苏教版,选择性必修第一册,第四章 植物生命活动的调节,2,"植物生长素 | 其他植物激素",是（新建）
senior,biology,苏教版,选择性必修第三册,第一章 发酵工程,4,"发酵工程的培养基 | 发酵工程的无菌技术 | 传统发酵技术和产品 | 发酵工程及其应用",是（新建）
senior,biology,苏教版,选择性必修第三册,第三章 基因工程,3,"基因工程及其技术 | 基因工程的应用价值 | 蛋白质工程",是（新建）
senior,biology,苏教版,选择性必修第三册,第二章 细胞工程,4,"植物细胞工程 | 植物细胞工程的应用 | 动物细胞工程及其应用 | 胚胎工程及其应用",是（新建）
senior,biology,苏教版,选择性必修第三册,第四章 生物技术安全与伦理问题,3,"转基因产品的安全性 | 我国禁止生殖性克隆人 | 禁止生物武器",是（新建）
senior,biology,苏教版,选择性必修第二册,第一章 种群,3,"种群的特征 | 影响种群特征的生态因子 | 种间关系",是（新建）
senior,biology,苏教版,选择性必修第二册,第三章 生态系统,5,"生态系统的结构 | 生态系统的能量流动 | 生态系统的物质循环 | 生态系统的信息传递 | 生态系统的稳态及维持",是（新建）
senior,biology,苏教版,选择性必修第二册,第二章 群落,3,"生物群落的结构 | 生物群落的类型 | 生物群落的演替",是（新建）
senior,biology,苏教版,选择性必修第二册,第四章 生态环境的保护,2,"人口增长和人类活动影响环境 | 创造人与自然的和谐",是（新建）
senior,chinese,统编版,必修上册,第一单元 青春的价值,4,"现代诗歌的意象与意境 | 诗歌语言的凝练性 | 青年主题的文学表达 | 现代诗朗诵技巧",是（新建）
senior,chinese,统编版,必修上册,第七单元 自然情怀,4,"散文的景物描写与情感表达 | 情景交融的写法 | 散文语言品味 | 写景抒情散文写作",是（新建）
senior,chinese,统编版,必修上册,第三单元 生命的诗意,4,"古典诗词的意象与意境 | 诗歌的抒情方式 | 古诗词鉴赏方法 | 诵读与情感把握",是（新建）
senior,chinese,统编版,必修上册,第二单元 劳动光荣,4,"新闻通讯的文体特征 | 人物通讯的选材与细节描写 | 劳动精神的文学表达 | 实用性阅读方法",是（新建）
senior,chinese,统编版,必修上册,第五单元 整本书阅读《乡土中国》,4,"学术著作的阅读方法 | 《乡土中国》核心概念（差序格局等） | 章节梳理与内容概括 | 读书笔记与调查报告写作",是（新建）
senior,chinese,统编版,必修上册,第八单元 词语积累与词语解释,4,"词语的积累与运用 | 词义辨析方法 | 成语的理解与使用 | 语言表达的准确与得体",是（新建）
senior,chinese,统编版,必修上册,第六单元 学习之道,4,"议论性文章的论证方法 | 比喻论证与对比论证 | 议论文的结构思路 | 文言实词与虚词的积累",是（新建）
senior,chinese,统编版,必修上册,第四单元 家乡文化生活,3,"访谈的方法与技巧 | 调查报告的写作 | 家乡文化生活现象的观察与分析",是（新建）
senior,chinese,统编版,必修下册,第一单元 中华文明之光,4,"文言实词与词类活用 | 文言特殊句式与翻译 | 诸子散文的说理艺术 | 史传文学的叙事艺术",是（新建）
senior,chinese,统编版,必修下册,第七单元 整本书阅读《红楼梦》,5,"长篇小说的阅读方法 | 人物关系梳理 | 主要人物形象分析 | 小说主题的多重解读 | 情节结构与细节鉴赏",是（新建）
senior,chinese,统编版,必修下册,第三单元 探索与创新,3,"知识性读物的阅读方法 | 说明方法与文章思路梳理 | 科学精神与理性表达",是（新建）
senior,chinese,统编版,必修下册,第二单元 良知与悲悯,4,"戏剧冲突与戏剧语言 | 剧本的舞台性与潜台词 | 悲剧的审美价值 | 戏剧鉴赏方法",是（新建）
senior,chinese,统编版,必修下册,第五单元 抱负与使命,3,"演讲词的文体特征 | 演讲稿的结构与语言 | 演讲稿写作训练",是（新建）
senior,chinese,统编版,必修下册,第八单元 责任与担当,4,"文言实词虚词与句式 | 古诗词的用典与思想情感 | 古代士人的责任担当主题 | 文言文翻译训练",是（新建）
senior,chinese,统编版,必修下册,第六单元 观察与批判,4,"小说的三要素 | 人物形象分析方法 | 小说叙事视角 | 批判性阅读与思考",是（新建）
senior,chinese,统编版,必修下册,第四单元 信息时代的语文生活,3,"媒介信息的辨识与评价 | 网络语言的运用 | 跨媒介阅读与表达",是（新建）
senior,chinese,统编版,选择性必修上册,第一单元 伟大的复兴,4,"革命传统作品研读 | 演讲词与新闻通讯的文体特点 | 革命精神的理解与传承 | 材料的积累与运用",是（新建）
senior,chinese,统编版,选择性必修上册,第三单元 多样的文化,4,"外国经典小说研读 | 小说人物形象与叙事手法鉴赏 | 小说主题的多元解读 | 学写小小说",是（新建）
senior,chinese,统编版,选择性必修上册,第二单元 百家争鸣,4,"先秦诸子散文研读 | 文言实词、虚词与句式积累 | 诸子论说方法与思辨表达 | 审题与立意",是（新建）
senior,chinese,统编版,选择性必修上册,第四单元 逻辑的力量,4,"逻辑谬误的辨析 | 推理形式的运用（三段论、假言推理） | 论证方法的梳理与运用 | 学写驳论文",是（新建）
senior,chinese,统编版,选择性必修下册,第一单元 诗的国度,4,"古典诗歌研读 | 诗歌意象与表现手法鉴赏 | 诗歌体裁的流变 | 撰写诗歌鉴赏文章",是（新建）
senior,chinese,统编版,选择性必修下册,第三单元 至情至性,4,"古代经典散文研读 | 文言句式与词类活用 | 章法之妙与细节之美 | 说真话、抒真情",是（新建）
senior,chinese,统编版,选择性必修下册,第二单元 时代镜像,4,"中国现当代作家作品研读 | 小说、散文、诗歌、话剧的文体鉴赏 | 语言的锤炼与表达 | 文学短评写作",是（新建）
senior,chinese,统编版,选择性必修下册,第四单元 求真求实,4,"自然科学论著研读 | 把握关键概念与逻辑思路 | 科学精神与语言特点 | 文章修改",是（新建）
senior,chinese,统编版,选择性必修中册,第一单元 理论的价值,4,"科学与文化论著研读 | 把握核心观点与论述思路 | 论证方法与严密语言 | 深化理性思考",是（新建）
senior,chinese,统编版,选择性必修中册,第三单元 历史的现场,4,"史传作品研读 | 史论作品的论证艺术 | 文言词句的积累与翻译 | 学写人物短评或驳论文",是（新建）
senior,chinese,统编版,选择性必修中册,第二单元 苦难与新生,4,"中国革命传统作品研读 | 纪实作品与虚构作品的鉴赏 | 革命精神与民族品格 | 学写人物通讯",是（新建）
senior,chinese,统编版,选择性必修中册,第四单元 丰富的心灵,4,"外国戏剧研读 | 戏剧冲突与人物对话鉴赏 | 外国诗歌的意象与情感 | 学写申论",是（新建）
senior,english,人教版,必修第一册,Unit 1 Teenage Life,5,"名词短语、形容词短语、副词短语 | 青少年生活主题核心词汇 | 青少年话题语篇阅读 | 建议信写作 | 听说训练：校园生活交流",是（新建）
senior,english,人教版,必修第一册,Unit 2 Travelling Around,5,"现在进行时表将来 | 旅行主题核心词汇 | 旅行计划类语篇阅读 | 旅行计划写作 | 听说训练：旅行话题",是（新建）
senior,english,人教版,必修第一册,Unit 3 Sports and Fitness,5,"形容词与副词的比较级和最高级 | 运动与健康主题词汇 | 运动话题语篇阅读 | 健康建议类写作 | 听说训练：运动话题讨论",是（新建）
senior,english,人教版,必修第一册,Unit 4 Natural Disasters,5,"定语从句（关系代词that/which/who/whom/whose） | 自然灾害主题词汇 | 灾害报道类语篇阅读 | 新闻报道写作 | 听说训练：自然灾害话题",是（新建）
senior,english,人教版,必修第一册,Unit 5 Languages Around the World,5,"定语从句（关系副词与介词加关系代词） | 语言学习主题词汇 | 语言话题语篇阅读 | 议论文写作（语言学习） | 听说训练：语言话题",是（新建）
senior,english,人教版,必修第一册,Welcome Unit,4,"句子成分与五大基本句型 | 校园生活核心词汇 | 自我介绍与相互交流 | 初高中衔接学习策略",是（新建）
senior,english,人教版,必修第三册,Unit 1 Festivals and Celebrations,5,"情态动词（能力与许可） | 节日主题词汇 | 节日话题语篇阅读 | 节日介绍类写作 | 听说训练：节日话题",是（新建）
senior,english,人教版,必修第三册,Unit 2 Morals and Virtues,5,"动词-ing形式作定语和表语 | 道德品质主题词汇 | 人物故事类语篇阅读 | 人物介绍写作 | 听说训练：道德品质话题",是（新建）
senior,english,人教版,必修第三册,Unit 3 Diverse Cultures,5,"动词-ing形式作宾语补足语和状语 | 多元文化主题词汇 | 文化话题语篇阅读 | 文化介绍类写作 | 听说训练：多元文化话题",是（新建）
senior,english,人教版,必修第三册,Unit 4 Space Exploration,5,"不定式作定语和状语 | 太空探索主题词汇 | 航天话题语篇阅读 | 科普类写作 | 听说训练：太空话题",是（新建）
senior,english,人教版,必修第三册,Unit 5 The Value of Money,5,"情态动词表推测 | 金钱观主题词汇 | 价值话题语篇阅读 | 观点表达类写作 | 听说训练：价值讨论",是（新建）
senior,english,人教版,必修第二册,Unit 1 Cultural Heritage,5,"限制性定语从句与非限制性定语从句 | 文化遗产主题词汇 | 文化遗产话题语篇阅读 | 倡议信写作 | 听说训练：文化遗产话题",是（新建）
senior,english,人教版,必修第二册,Unit 2 Wildlife Protection,5,"现在进行时被动语态 | 野生动物保护主题词汇 | 保护话题语篇阅读 | 建议信写作 | 听说训练：动物保护话题",是（新建）
senior,english,人教版,必修第二册,Unit 3 The Internet,5,"现在完成时被动语态 | 互联网主题词汇 | 网络话题语篇阅读 | 观点表达类写作 | 听说训练：网络话题",是（新建）
senior,english,人教版,必修第二册,Unit 4 History and Traditions,5,"过去分词作定语和宾语补足语 | 历史文化主题词汇 | 历史传统话题语篇阅读 | 介绍类写作 | 听说训练：历史文化话题",是（新建）
senior,english,人教版,必修第二册,Unit 5 Music,5,"过去分词作状语 | 音乐主题词汇 | 音乐话题语篇阅读 | 评论类写作 | 听说训练：音乐话题",是（新建）
senior,english,人教版,选择性必修第一册,Unit 1 People of Achievement,5,"人物成就主题核心词汇与表达 | 人物传记类语篇阅读 | 非限制性定语从句 | 介绍人物的应用文写作 | 听说训练：人物采访与介绍",是（新建）
senior,english,人教版,选择性必修第一册,Unit 2 Looking into the Future,5,"未来科技主题核心词汇与表达 | 将来进行时 | 议论文类语篇阅读 | 表达观点与预测的写作 | 听说训练：讨论科技利弊",是（新建）
senior,english,人教版,选择性必修第一册,Unit 3 Fascinating Parks,5,"自然公园主题核心词汇与表达 | 动词-ing形式作主语 | 说明文类语篇阅读 | 描述性写作 | 听说训练：公园体验分享",是（新建）
senior,english,人教版,选择性必修第一册,Unit 4 Body Language,5,"身势语主题核心词汇与表达 | 动词-ing形式作宾语和表语 | 说明文类语篇阅读 | 身体语言的观察与描述 | 听说训练：非语言交际",是（新建）
senior,english,人教版,选择性必修第一册,Unit 5 Working the Land,4,"农业科技主题核心词汇与表达 | 主语从句 | 议论文类语篇阅读 | 海报制作与展示",是（新建）
senior,english,人教版,选择性必修第三册,Unit 1 Art,4,"艺术主题核心词汇与表达 | 动词不定式作表语 | 说明文类语篇阅读 | 艺术评论写作",是（新建）
senior,english,人教版,选择性必修第三册,Unit 2 Healthy Lifestyle,4,"健康生活方式主题核心词汇与表达 | 动词不定式作主语 | 议论文类语篇阅读 | 建议信写作",是（新建）
senior,english,人教版,选择性必修第三册,Unit 3 Environmental Protection,4,"环境保护主题核心词汇与表达 | 直接引语和间接引语 | 演讲稿类语篇阅读 | 环保倡议写作",是（新建）
senior,english,人教版,选择性必修第三册,Unit 4 Adversity and Courage,4,"逆境与勇气主题核心词汇与表达 | 现在完成进行时 | 传记类语篇阅读 | 记叙文写作",是（新建）
senior,english,人教版,选择性必修第三册,Unit 5 Poems,4,"诗歌主题核心词汇与表达 | 定语从句 | 诗歌赏析 | 诗歌写作尝试",是（新建）
senior,english,人教版,选择性必修第二册,Unit 1 Science and Scientists,4,"科学探索主题核心词汇与表达 | 表语从句 | 人物传记与科普类语篇阅读 | 科学家的故事报道写作",是（新建）
senior,english,人教版,选择性必修第二册,Unit 2 Bridging Cultures,5,"文化交流主题核心词汇与表达 | 名词性从句（主语/宾语/表语/同位语） | 记叙文类语篇阅读 | 申请信写作 | 听说训练：留学与文化体验",是（新建）
senior,english,人教版,选择性必修第二册,Unit 3 Food and Culture,4,"饮食文化主题核心词汇与表达 | 过去完成时及其被动语态 | 说明文类语篇阅读 | 饮食文化介绍写作",是（新建）
senior,english,人教版,选择性必修第二册,Unit 4 Journey Across a Vast Land,4,"旅行与地理主题核心词汇与表达 | 过去分词作表语和状语 | 游记类语篇阅读 | 游记写作",是（新建）
senior,english,人教版,选择性必修第二册,Unit 5 First Aid,5,"急救主题核心词汇与表达 | 动词-ing形式 | 说明文类语篇阅读 | 急救指南写作 | 听说训练：紧急情况应对",是（新建）
senior,english,人教版,选择性必修第四册,Unit 1 Science Fiction,4,"科幻主题核心词汇与表达 | 被动语态 | 小说类语篇阅读 | 故事续写写作",是（新建）
senior,english,人教版,选择性必修第四册,Unit 2 Iconic Attractions,4,"标志性景点主题核心词汇与表达 | what引导的主语从句 | 说明文类语篇阅读 | 景点介绍写作",是（新建）
senior,english,人教版,选择性必修第四册,Unit 3 Sea Exploration,4,"海洋探索主题核心词汇与表达 | 动名词（短语）作主语 | 说明文类语篇阅读 | 辩论与观点表达",是（新建）
senior,english,人教版,选择性必修第四册,Unit 4 Sharing,4,"志愿服务主题核心词汇与表达 | 定语从句（关系词综合） | 记叙文类语篇阅读 | 叙事写作",是（新建）
senior,english,人教版,选择性必修第四册,Unit 5 Launching Your Career,4,"职业规划主题核心词汇与表达 | wish后宾语从句中的虚拟语气 | 应用文类语篇阅读 | 职业规划写作",是（新建）
senior,english,外研版,必修第一册,Unit 1 A new start,4,"新学期主题核心词汇 | 校园生活类语篇阅读 | 个人介绍类应用文写作 | 听说训练：开学交流",是（新建）
senior,english,外研版,必修第一册,Unit 2 Exploring English,4,"英语语言学习主题词汇 | 语言与文化类语篇阅读 | 语言学习经验分享写作 | 听说训练：英语学习话题",是（新建）
senior,english,外研版,必修第一册,Unit 3 Family matters,5,"时态复习（一般过去时与过去进行时） | 家庭亲情主题词汇 | 家庭关系类语篇阅读 | 叙事类写作 | 听说训练：家庭话题",是（新建）
senior,english,外研版,必修第一册,Unit 4 Friends forever,5,"定语从句（关系代词） | 友谊主题词汇 | 友谊话题语篇阅读 | 建议类写作 | 听说训练：友谊话题",是（新建）
senior,english,外研版,必修第一册,Unit 5 Into the wild,5,"定语从句（关系副词where/when） | 野生动物主题词汇 | 动物话题语篇阅读 | 描述类写作 | 听说训练：自然话题",是（新建）
senior,english,外研版,必修第一册,Unit 6 At one with nature,5,"被动语态（一般现在时与一般过去时） | 人与自然主题核心词汇 | 自然话题语篇阅读 | 景点介绍类写作 | 听说训练：人与自然",是（新建）
senior,english,外研版,必修第三册,Unit 1 Knowing me, Knowing you,4,"人际关系主题词汇 | 人际沟通类语篇阅读 | 建议信写作 | 听说训练：人际交往话题",是（新建）
senior,english,外研版,必修第三册,Unit 2 Making a difference,4,"公益志愿主题词汇 | 榜样人物类语篇阅读 | 人物介绍写作 | 听说训练：公益话题",是（新建）
senior,english,外研版,必修第三册,Unit 3 The world of science,5,"现在完成时被动语态 | 科技主题词汇 | 科普类语篇阅读 | 科普说明文写作 | 听说训练：科技话题",是（新建）
senior,english,外研版,必修第三册,Unit 4 Amazing art,4,"艺术主题词汇 | 艺术类语篇阅读 | 艺术鉴赏评论写作 | 听说训练：艺术话题",是（新建）
senior,english,外研版,必修第三册,Unit 5 What an adventure!,5,"过去将来时 | 冒险探索主题词汇 | 探险故事类语篇阅读 | 故事续写 | 听说训练：冒险话题",是（新建）
senior,english,外研版,必修第三册,Unit 6 Disaster and hope,4,"自然灾害主题词汇 | 灾害话题语篇阅读 | 新闻报道类写作 | 听说训练：灾害话题",是（新建）
senior,english,外研版,必修第二册,Unit 1 Food for thought,4,"饮食文化主题词汇 | 美食话题语篇阅读 | 饮食介绍类写作 | 听说训练：饮食话题",是（新建）
senior,english,外研版,必修第二册,Unit 2 Let's celebrate!,4,"节日庆典主题词汇 | 节日话题语篇阅读 | 节日介绍类写作 | 听说训练：节日话题",是（新建）
senior,english,外研版,必修第二册,Unit 3 On the move,4,"运动主题词汇 | 运动话题语篇阅读 | 运动推广类写作 | 听说训练：运动话题",是（新建）
senior,english,外研版,必修第二册,Unit 4 Stage and screen,4,"影视艺术主题词汇 | 影视话题语篇阅读 | 影评类写作 | 听说训练：影视话题",是（新建）
senior,english,外研版,必修第二册,Unit 5 On the road,4,"旅行主题词汇 | 旅行话题语篇阅读 | 游记类写作 | 听说训练：旅行话题",是（新建）
senior,english,外研版,必修第二册,Unit 6 Earth first,5,"-ing和-ed作宾语补足语 | 环境保护主题词汇 | 环保话题语篇阅读 | 倡议类写作 | 听说训练：环保话题",是（新建）
senior,english,外研版,选择性必修第一册,Unit 1 Laugh out loud!,4,"幽默与喜剧主题核心词汇与表达 | 非限制性定语从句 | 喜剧类语篇阅读 | 喜剧演员简介写作",是（新建）
senior,english,外研版,选择性必修第一册,Unit 2 Onwards and upwards,4,"励志与成长主题核心词汇与表达 | 动词不定式和动词-ing形式作宾语 | 人物故事类语篇阅读 | 人物传记写作",是（新建）
senior,english,外研版,选择性必修第一册,Unit 3 Faster, higher, stronger,4,"体育精神主题核心词汇与表达 | 动词-ing形式作主语 | 体育报道类语篇阅读 | 观点表达与议论写作",是（新建）
senior,english,外研版,选择性必修第一册,Unit 4 Meeting the muse,4,"艺术创作主题核心词汇与表达 | 非谓语动词作表语 | 艺术访谈类语篇阅读 | 描述艺术作品的写作",是（新建）
senior,english,外研版,选择性必修第一册,Unit 5 Revealing nature,4,"自然奥秘主题核心词汇与表达 | 过去完成时 | 科普类语篇阅读 | 自然现象说明写作",是（新建）
senior,english,外研版,选择性必修第一册,Unit 6 Nurturing nature,4,"生态保护主题核心词汇与表达 | 现在完成进行时 | 环保主题语篇阅读 | 环保倡议写作",是（新建）
senior,english,外研版,选择性必修第三册,Unit 1 Face values,4,"价值观主题核心词汇与表达 | 主语从句 | 议论文语篇阅读 | 观点论证写作",是（新建）
senior,english,外研版,选择性必修第三册,Unit 2 A life's work,4,"毕生事业主题核心词汇与表达 | 表语从句 | 人物传记语篇阅读 | 人物介绍写作",是（新建）
senior,english,外研版,选择性必修第三册,Unit 3 War and peace,3,"战争与和平主题核心词汇与表达 | 历史类语篇阅读 | 读后感写作",是（新建）
senior,english,外研版,选择性必修第三册,Unit 4 A glimpse of the future,3,"未来展望主题核心词汇与表达 | 科技类语篇阅读 | 想象类写作",是（新建）
senior,english,外研版,选择性必修第三册,Unit 5 Learning from nature,4,"向自然学习主题核心词汇与表达 | 非谓语动词作主语、宾语和表语 | 科普类语篇阅读 | 类比论证写作",是（新建）
senior,english,外研版,选择性必修第三册,Unit 6 Nature in words,3,"自然文学主题核心词汇与表达 | 文学类语篇阅读 | 文学赏析写作",是（新建）
senior,english,外研版,选择性必修第二册,Unit 1 Growing up,4,"成长主题核心词汇与表达 | 将来进行时 | 成长类记叙文阅读 | 记叙文写作",是（新建）
senior,english,外研版,选择性必修第二册,Unit 2 Improving yourself,4,"自我提升主题核心词汇与表达 | 过去完成时被动语态 | 建议类语篇阅读 | 建议信写作",是（新建）
senior,english,外研版,选择性必修第二册,Unit 3 Times change!,4,"时代变迁主题核心词汇与表达 | 过去进行时被动语态 | 对比类语篇阅读 | 对比分析写作",是（新建）
senior,english,外研版,选择性必修第二册,Unit 4 Breaking boundaries,4,"突破界限主题核心词汇与表达 | it作形式主语 | 演讲类语篇阅读 | 演讲稿写作",是（新建）
senior,english,外研版,选择性必修第二册,Unit 5 A delicate world,4,"自然生态主题核心词汇与表达 | it作形式宾语 | 生态类说明文阅读 | 说明文写作",是（新建）
senior,english,外研版,选择性必修第二册,Unit 6 Survival,3,"生存智慧主题核心词汇与表达 | 冒险类记叙文阅读 | 叙事写作",是（新建）
senior,english,外研版,选择性必修第四册,Unit 1 Looking forwards,4,"展望未来主题核心词汇与表达 | 现在完成时 | 职业规划类语篇阅读 | 规划类写作",是（新建）
senior,english,外研版,选择性必修第四册,Unit 2 Lessons in life,4,"人生哲理主题核心词汇与表达 | 被动语态 | 哲思类语篇阅读 | 感悟类写作",是（新建）
senior,english,外研版,选择性必修第四册,Unit 3 The world meets China,3,"中国文化走向世界主题核心词汇与表达 | 文化类语篇阅读 | 文化介绍写作",是（新建）
senior,english,外研版,选择性必修第四册,Unit 4 Everyday economics,3,"日常经济学主题核心词汇与表达 | 经济类说明文阅读 | 说明文写作",是（新建）
senior,english,外研版,选择性必修第四册,Unit 5 Into the unknown,4,"探索未知主题核心词汇与表达 | 虚拟语气（should+动词原形） | 探索类语篇阅读 | 探险故事写作",是（新建）
senior,english,外研版,选择性必修第四册,Unit 6 Space and beyond,3,"太空探索主题核心词汇与表达 | 科普类语篇阅读 | 科普写作",是（新建）
senior,english,译林版,必修第一册,Unit 1 Back to school,5,"句子成分和句子结构 | 校园生活主题词汇 | 校园话题语篇阅读 | 个人规划类写作 | 听说训练：新学期话题",是（新建）
senior,english,译林版,必修第一册,Unit 2 Let's talk teens,5,"简单句、并列句与复合句 | 亲子关系主题词汇 | 代际沟通类语篇阅读 | 建议类写作 | 听说训练：家庭沟通话题",是（新建）
senior,english,译林版,必修第一册,Unit 3 Getting along with others,4,"友谊与人际主题词汇 | 人际关系类语篇阅读 | 书信类写作 | 听说训练：人际话题",是（新建）
senior,english,译林版,必修第一册,Unit 4 Looking good, feeling good,4,"身心健康主题词汇 | 健康话题语篇阅读 | 观点表达类写作 | 听说训练：健康话题",是（新建）
senior,english,译林版,必修第三册,Unit 1 Nature in the balance,5,"省略（Ellipsis） | 生态平衡主题词汇 | 自然话题语篇阅读 | 环保倡议类写作 | 听说训练：自然话题",是（新建）
senior,english,译林版,必修第三册,Unit 2 Natural disasters,5,"不定式作定语和结果状语 | 自然灾害主题词汇 | 灾害报道类语篇阅读 | 新闻报道写作 | 听说训练：灾害话题",是（新建）
senior,english,译林版,必修第三册,Unit 3 The world online,4,"网络科技主题词汇 | 网络话题语篇阅读 | 观点表达类写作 | 听说训练：网络话题",是（新建）
senior,english,译林版,必修第三册,Unit 4 Scientists who changed the world,4,"科学精神主题词汇 | 科学家人物类语篇阅读 | 人物介绍写作 | 听说训练：科学话题",是（新建）
senior,english,译林版,必修第二册,Unit 1 Lights, camera, action!,5,"主谓一致 | 影视艺术主题词汇 | 影视话题语篇阅读 | 影评写作 | 听说训练：影视话题",是（新建）
senior,english,译林版,必修第二册,Unit 2 Be sporty, be healthy,4,"运动健康主题词汇 | 运动话题语篇阅读 | 健康建议类写作 | 听说训练：运动话题",是（新建）
senior,english,译林版,必修第二册,Unit 3 Festivals and customs,4,"节日习俗主题词汇 | 节日话题语篇阅读 | 节日介绍类写作 | 听说训练：节日话题",是（新建）
senior,english,译林版,必修第二册,Unit 4 Exploring literature,4,"文学主题词汇 | 文学作品类语篇阅读 | 文学评论写作 | 听说训练：文学话题",是（新建）
senior,english,译林版,选择性必修第一册,Unit 1 Food matters,4,"饮食文化主题核心词汇与表达 | 动词不定式（作主语、表语，it作形式主语） | 说明文语篇阅读 | 饮食文化介绍写作",是（新建）
senior,english,译林版,选择性必修第一册,Unit 2 The Universal Language,4,"音乐与通用语言主题核心词汇与表达 | 动词-ing形式作主语和宾语 | 音乐话题语篇阅读 | 音乐评论写作",是（新建）
senior,english,译林版,选择性必修第一册,Unit 3 The art of painting,4,"绘画艺术主题核心词汇与表达 | 动词-ing和-ed形式作表语 | 艺术类语篇阅读 | 艺术评论写作",是（新建）
senior,english,译林版,选择性必修第一册,Unit 4 Exploring poetry,4,"诗歌探索主题核心词汇与表达 | 非谓语动词（不定式、-ing、-ed作句子成分） | 诗歌赏析 | 诗歌感悟写作",是（新建）
senior,english,译林版,选择性必修第三册,Unit 1 Wish you were here,4,"旅行主题核心词汇与表达 | 虚拟语气（if条件句与省略倒装） | 游记类语篇阅读 | 游记写作",是（新建）
senior,english,译林版,选择性必修第三册,Unit 2 Out of this world,4,"太空主题核心词汇与表达 | 倒装句 | 科普类语篇阅读 | 想象类写作",是（新建）
senior,english,译林版,选择性必修第三册,Unit 3 Back to the past,3,"历史回望主题核心词汇与表达 | 历史类语篇阅读 | 历史感悟写作",是（新建）
senior,english,译林版,选择性必修第三册,Unit 4 Protecting our heritage sites,3,"遗产保护主题核心词汇与表达 | 说明文语篇阅读 | 倡议类写作",是（新建）
senior,english,译林版,选择性必修第二册,Unit 1 The mass media,4,"大众传媒主题核心词汇与表达 | 过去完成时 | 新闻类语篇阅读 | 新闻评论写作",是（新建）
senior,english,译林版,选择性必修第二册,Unit 2 Sports culture,4,"体育文化主题核心词汇与表达 | 过去完成时的巩固与运用 | 体育类语篇阅读 | 体育报道写作",是（新建）
senior,english,译林版,选择性必修第二册,Unit 3 Fit for life,4,"健康生活主题核心词汇与表达 | 现在完成进行时 | 健康类语篇阅读 | 健康建议写作",是（新建）
senior,english,译林版,选择性必修第二册,Unit 4 Living with Technology,4,"科技生活主题核心词汇与表达 | 将来进行时 | 科技类语篇阅读 | 科技议论文写作",是（新建）
senior,english,译林版,选择性必修第四册,Unit 1 Honesty and responsibility,4,"诚信与责任主题核心词汇与表达 | 状语从句 | 议论文语篇阅读 | 观点论证写作",是（新建）
senior,english,译林版,选择性必修第四册,Unit 2 Understanding each other,4,"相互理解主题核心词汇与表达 | 定语从句（复习） | 跨文化语篇阅读 | 文化交流写作",是（新建）
senior,english,译林版,选择性必修第四册,Unit 3 Careers and skills,4,"职业与技能主题核心词汇与表达 | 名词性从句 | 应用文语篇阅读 | 求职类写作",是（新建）
senior,english,译林版,选择性必修第四册,Unit 4 Never too old to learn,4,"终身学习主题核心词汇与表达 | 定语从句与名词性从句 | 议论文语篇阅读 | 议论文写作",是（新建）
senior,politics,统编版,必修1 中国特色社会主义,第一课 社会主义从空想到科学、从理论到实践的发展,2,"原始社会的解体和阶级社会的演进 | 科学社会主义的理论与实践",是（新建）
senior,politics,统编版,必修1 中国特色社会主义,第三课 只有中国特色社会主义才能发展中国,2,"伟大的改革开放 | 中国特色社会主义的创立、发展和完善",是（新建）
senior,politics,统编版,必修1 中国特色社会主义,第二课 只有社会主义才能救中国,2,"新民主主义革命的胜利 | 社会主义制度在中国的确立",是（新建）
senior,politics,统编版,必修1 中国特色社会主义,第四课 只有坚持和发展中国特色社会主义才能实现中华民族伟大复兴,3,"中国特色社会主义进入新时代 | 实现中华民族伟大复兴的中国梦 | 习近平新时代中国特色社会主义思想",是（新建）
senior,politics,统编版,必修2 经济与社会,第一课 我国的生产资料所有制,2,"公有制为主体 多种所有制经济共同发展 | 坚持“两个毫不动摇”",是（新建）
senior,politics,统编版,必修2 经济与社会,第三课 我国的经济发展,2,"坚持新发展理念 | 建设现代化经济体系",是（新建）
senior,politics,统编版,必修2 经济与社会,第二课 我国的社会主义市场经济体制,2,"使市场在资源配置中起决定性作用 | 更好发挥政府作用",是（新建）
senior,politics,统编版,必修2 经济与社会,第四课 我国的个人收入分配与社会保障,2,"我国的个人收入分配 | 我国的社会保障",是（新建）
senior,politics,统编版,必修3 政治与法治,第一课 历史和人民的选择,2,"中华人民共和国成立前各种政治力量 | 中国共产党领导人民站起来、富起来、强起来",是（新建）
senior,politics,统编版,必修3 政治与法治,第七课 治国理政的基本方式,2,"我国法治建设的历程 | 全面推进依法治国的总目标与原则",是（新建）
senior,politics,统编版,必修3 政治与法治,第三课 坚持和加强党的全面领导,2,"坚持党的领导 | 巩固党的执政地位",是（新建）
senior,politics,统编版,必修3 政治与法治,第九课 全面推进依法治国的基本要求,4,"科学立法 | 严格执法 | 公正司法 | 全民守法",是（新建）
senior,politics,统编版,必修3 政治与法治,第二课 中国共产党的先进性,2,"始终坚持以人民为中心 | 始终走在时代前列",是（新建）
senior,politics,统编版,必修3 政治与法治,第五课 我国的根本政治制度,2,"人民代表大会制度是我国的根本政治制度 | 人民代表大会制度的优势",是（新建）
senior,politics,统编版,必修3 政治与法治,第八课 法治中国建设,3,"法治国家 | 法治政府 | 法治社会",是（新建）
senior,politics,统编版,必修3 政治与法治,第六课 我国的基本政治制度,3,"中国共产党领导的多党合作和政治协商制度 | 民族区域自治制度 | 基层群众自治制度",是（新建）
senior,politics,统编版,必修3 政治与法治,第四课 人民民主专政的社会主义国家,2,"人民民主专政的本质：人民当家作主 | 坚持人民民主专政",是（新建）
senior,politics,统编版,必修4 哲学与文化,第一课 时代精神的精华,3,"追求智慧的学问 | 哲学的基本问题 | 科学的世界观和方法论",是（新建）
senior,politics,统编版,必修4 哲学与文化,第七课 继承发展中华优秀传统文化,3,"文化的内涵与功能 | 正确认识中华传统文化 | 弘扬中华优秀传统文化与民族精神",是（新建）
senior,politics,统编版,必修4 哲学与文化,第三课 把握世界的规律,3,"世界是普遍联系的 | 世界是永恒发展的 | 唯物辩证法的实质与核心",是（新建）
senior,politics,统编版,必修4 哲学与文化,第九课 发展中国特色社会主义文化,3,"文化发展的必然选择 | 文化发展的基本路径 | 文化强国与文化自信",是（新建）
senior,politics,统编版,必修4 哲学与文化,第二课 探究世界的本质,2,"世界的物质性 | 运动的规律性",是（新建）
senior,politics,统编版,必修4 哲学与文化,第五课 寻觅社会的真谛,3,"社会历史的本质 | 社会历史的发展 | 社会历史的主体",是（新建）
senior,politics,统编版,必修4 哲学与文化,第八课 学习借鉴外来文化的有益成果,3,"文化的民族性与多样性 | 文化交流与文化交融 | 正确对待外来文化",是（新建）
senior,politics,统编版,必修4 哲学与文化,第六课 实现人生的价值,3,"价值与价值观 | 价值判断与价值选择 | 价值的创造和实现",是（新建）
senior,politics,统编版,必修4 哲学与文化,第四课 探索认识的奥秘,2,"人的认识从何而来 | 在实践中追求和发展真理",是（新建）
senior,politics,统编版,选择性必修第一册,第一课 国体与政体,3,"国体与政体的关系 | 资本主义国家的政权组织形式 | 社会主义国家的政权组织形式",是（新建）
senior,politics,统编版,选择性必修第一册,第七课 经济全球化与中国,3,"中国是经济全球化的受益者与贡献者 | 对外开放与“一带一路”建设 | 建设开放型世界经济",是（新建）
senior,politics,统编版,选择性必修第一册,第三课 多极化趋势,3,"世界多极化的发展 | 国际关系及其主要形式 | 国际竞争的实质",是（新建）
senior,politics,统编版,选择性必修第一册,第九课 中国与国际组织,2,"中国与联合国 | 中国与新兴国际组织",是（新建）
senior,politics,统编版,选择性必修第一册,第二课 国家的结构形式,3,"单一制与联邦制 | 中央与地方的关系 | 主权国家与国际组织",是（新建）
senior,politics,统编版,选择性必修第一册,第五课 中国的外交,3,"中国外交政策的形成与发展 | 独立自主的和平外交政策 | 构建人类命运共同体",是（新建）
senior,politics,统编版,选择性必修第一册,第八课 主要的国际组织,3,"联合国及其作用 | 区域性国际组织 | 国际组织的作用",是（新建）
senior,politics,统编版,选择性必修第一册,第六课 走进经济全球化,3,"经济全球化的主要表现 | 经济全球化的影响因素 | 经济全球化的影响",是（新建）
senior,politics,统编版,选择性必修第一册,第四课 和平与发展,3,"和平与发展的时代主题 | 和平与发展的主要障碍 | 国际关系民主化",是（新建）
senior,politics,统编版,选择性必修第三册,第一课 走进思维世界,2,"思维的含义与特征 | 思维形态及其特征",是（新建）
senior,politics,统编版,选择性必修第三册,第七课 学会归纳与类比推理,2,"归纳推理 | 类比推理",是（新建）
senior,politics,统编版,选择性必修第三册,第三课 领会科学思维,2,"科学思维的含义与特征 | 学习科学思维的意义",是（新建）
senior,politics,统编版,选择性必修第三册,第九课 理解质量互变,2,"质变与量变 | 质量互变规律",是（新建）
senior,politics,统编版,选择性必修第三册,第二课 把握逻辑要义,2,"逻辑的含义 | 形式逻辑的基本规律",是（新建）
senior,politics,统编版,选择性必修第三册,第五课 正确运用判断,2,"判断的含义与类型 | 复合判断（联言、选言、假言判断）",是（新建）
senior,politics,统编版,选择性必修第三册,第八课 把握辩证分合,2,"辩证思维的含义与特征 | 分析与综合的方法",是（新建）
senior,politics,统编版,选择性必修第三册,第六课 掌握演绎推理方法,3,"演绎推理的含义与特征 | 三段论推理 | 复合判断的演绎推理",是（新建）
senior,politics,统编版,选择性必修第三册,第十一课 创新思维要善于联想,2,"创新思维的含义与特征 | 联想思维的方法",是（新建）
senior,politics,统编版,选择性必修第三册,第十三课 创新思维要力求超前,2,"超前思维的含义与特征 | 超前思维的方法与意义",是（新建）
senior,politics,统编版,选择性必修第三册,第十二课 创新思维要多路探索,2,"发散思维与聚合思维 | 逆向思维",是（新建）
senior,politics,统编版,选择性必修第三册,第十课 推动认识发展,2,"不作简单肯定或否定 | 体会认识发展的历程",是（新建）
senior,politics,统编版,选择性必修第三册,第四课 准确把握概念,2,"概念的含义与基本特征 | 明确概念的方法（定义与划分）",是（新建）
senior,politics,统编版,选择性必修第二册,第一课 在生活中学民法用民法,3,"民事法律关系与民事权利 | 民法的基本原则 | 民事权利能力和民事行为能力",是（新建）
senior,politics,统编版,选择性必修第二册,第七课 做个明白的劳动者,3,"劳动法与劳动合同 | 劳动者的权利与义务 | 劳动争议的解决",是（新建）
senior,politics,统编版,选择性必修第二册,第三课 订约履约 诚信为本,3,"合同的订立 | 合同的履行 | 违约责任",是（新建）
senior,politics,统编版,选择性必修第二册,第九课 纠纷的多元解决方式,3,"调解 | 仲裁 | 诉讼与行政复议",是（新建）
senior,politics,统编版,选择性必修第二册,第二课 依法有效保护财产权,2,"物权及其保护 | 知识产权（著作权、专利权、商标权）",是（新建）
senior,politics,统编版,选择性必修第二册,第五课 在和睦家庭中成长,2,"父母与子女的权利义务 | 继承与遗产处理",是（新建）
senior,politics,统编版,选择性必修第二册,第八课 自主创业与诚信经营,3,"创办企业 | 企业经营与不正当竞争 | 消费者权益保护",是（新建）
senior,politics,统编版,选择性必修第二册,第六课 珍惜婚姻关系,3,"结婚的条件与程序 | 夫妻财产关系 | 离婚与子女抚养",是（新建）
senior,politics,统编版,选择性必修第二册,第十课 诉讼实现公平正义,3,"诉讼程序与诉讼权利 | 证据及其运用 | 司法公正",是（新建）
senior,politics,统编版,选择性必修第二册,第四课 侵权责任与权利界限,3,"侵权责任及其构成要件 | 侵权责任的承担方式 | 权利行使的界限",是（新建）
senior,history,统编版,必修上册（中外历史纲要上）,活动课 家国情怀与统一多民族国家的演进,3,"统一多民族国家发展的历史脉络 | 史料研习与历史论证 | 家国情怀与历史解释",是（新建）
senior,history,统编版,必修上册（中外历史纲要上）,第一单元 从中华文明起源到秦汉统一多民族封建国家的建立与巩固,4,"中华文明的起源与早期国家 | 诸侯纷争与变法运动 | 秦统一多民族封建国家的建立 | 西汉与东汉——统一多民族封建国家的巩固",是（新建）
senior,history,统编版,必修上册（中外历史纲要上）,第七单元 中国共产党成立与新民主主义革命兴起,2,"五四运动与中国共产党的诞生 | 南京国民政府的统治和中国共产党开辟革命新道路",是（新建）
senior,history,统编版,必修上册（中外历史纲要上）,第三单元 辽宋夏金多民族政权的并立与元朝的统一,4,"两宋的政治和军事 | 辽夏金元的统治 | 辽宋夏金元的经济与社会 | 辽宋夏金元的文化",是（新建）
senior,history,统编版,必修上册（中外历史纲要上）,第九单元 中华人民共和国成立和社会主义革命与建设,2,"中华人民共和国成立和向社会主义的过渡 | 社会主义建设在探索中曲折发展",是（新建）
senior,history,统编版,必修上册（中外历史纲要上）,第二单元 三国两晋南北朝的民族交融与隋唐统一多民族封建国家的发展,4,"三国两晋南北朝的政权更迭与民族交融 | 从隋唐盛世到五代十国 | 隋唐制度的变化与创新 | 三国至隋唐的文化",是（新建）
senior,history,统编版,必修上册（中外历史纲要上）,第五单元 晚清时期的内忧外患与救亡图存,3,"两次鸦片战争 | 国家出路的探索与列强侵略的加剧 | 挽救民族危亡的斗争",是（新建）
senior,history,统编版,必修上册（中外历史纲要上）,第八单元 中华民族的抗日战争和人民解放战争,3,"从局部抗战到全面抗战 | 全民族浴血奋战与抗日战争的胜利 | 人民解放战争",是（新建）
senior,history,统编版,必修上册（中外历史纲要上）,第六单元 辛亥革命与中华民国的建立,2,"辛亥革命 | 北洋军阀统治时期的政治、经济与文化",是（新建）
senior,history,统编版,必修上册（中外历史纲要上）,第十单元 改革开放与社会主义现代化建设新时期,2,"中国特色社会主义道路的开辟与发展 | 改革开放以来的巨大成就",是（新建）
senior,history,统编版,必修上册（中外历史纲要上）,第四单元 明清中国版图的奠定与面临的挑战,3,"从明朝建立到清军入关 | 清朝前中期的鼎盛与危机 | 明至清中叶的经济与文化",是（新建）
senior,history,统编版,必修下册（中外历史纲要下）,活动课 放眼世界，推动构建人类命运共同体,3,"当代世界发展的基本特点 | 构建人类命运共同体的内涵与意义 | 国际视野与家国情怀",是（新建）
senior,history,统编版,必修下册（中外历史纲要下）,第一单元 古代文明的产生与发展,2,"文明的产生与早期发展 | 古代世界的帝国与文明的交流",是（新建）
senior,history,统编版,必修下册（中外历史纲要下）,第七单元 两次世界大战、十月革命与国际秩序的演变,4,"第一次世界大战与战后国际秩序 | 十月革命的胜利与苏联的社会主义实践 | 亚非拉民族民主运动的高涨 | 第二次世界大战与战后国际秩序的形成",是（新建）
senior,history,统编版,必修下册（中外历史纲要下）,第三单元 走向整体的世界,2,"全球航路的开辟 | 全球联系的初步建立与世界格局的演变",是（新建）
senior,history,统编版,必修下册（中外历史纲要下）,第九单元 当代世界发展的特点与主要趋势,2,"世界多极化与经济全球化 | 和平发展合作共赢的时代潮流",是（新建）
senior,history,统编版,必修下册（中外历史纲要下）,第二单元 中古时期的世界,3,"中古时期的欧洲 | 中古时期的亚洲 | 古代非洲与美洲",是（新建）
senior,history,统编版,必修下册（中外历史纲要下）,第五单元 工业革命与马克思主义的诞生,2,"影响世界的工业革命 | 马克思主义的诞生与传播",是（新建）
senior,history,统编版,必修下册（中外历史纲要下）,第八单元 20世纪下半叶世界的新变化,4,"冷战与国际格局的演变 | 资本主义国家的新变化 | 社会主义国家的发展与变化 | 世界殖民体系的瓦解与新兴国家的发展",是（新建）
senior,history,统编版,必修下册（中外历史纲要下）,第六单元 世界殖民体系与亚非拉民族独立运动,2,"资本主义世界殖民体系的形成 | 亚非拉民族独立运动",是（新建）
senior,history,统编版,必修下册（中外历史纲要下）,第四单元 资本主义制度的确立,2,"欧洲的思想解放运动 | 资产阶级革命与资本主义制度的确立",是（新建）
senior,history,统编版,选择性必修第一册,活动课 中国历史上的大一统国家治理,2,"大一统国家治理的历史智慧 | 大一统国家治理的当代启示",是（新建）
senior,history,统编版,选择性必修第一册,第一单元 政治制度,4,"中国古代政治制度的形成与发展 | 西方国家古代和近代政治制度的演变 | 中国近代至当代政治制度的演变 | 中国历代变法和改革",是（新建）
senior,history,统编版,选择性必修第一册,第三单元 法律与教化,3,"中国古代的法治与教化 | 近代西方的法律与教化 | 当代中国的法治与精神文明建设",是（新建）
senior,history,统编版,选择性必修第一册,第二单元 官员的选拔与管理,3,"中国古代官员的选拔与管理 | 西方的文官制度 | 近代以来中国的官员选拔与管理",是（新建）
senior,history,统编版,选择性必修第一册,第五单元 货币与赋税制度,2,"货币的使用与世界货币体系的形成 | 中国赋税制度的演变",是（新建）
senior,history,统编版,选择性必修第一册,第六单元 基层治理与社会保障,2,"中国古代的户籍制度与社会治理 | 世界主要国家的基层治理与社会保障",是（新建）
senior,history,统编版,选择性必修第一册,第四单元 民族关系与国家关系,4,"中国古代的民族关系与对外交往 | 近代西方民族国家与国际法的发展 | 当代中国的民族政策 | 当代中国的外交",是（新建）
senior,history,统编版,选择性必修第三册,活动课 信息革命与人类文化共享,2,"信息革命与文化传播 | 人类文化共享与文明互鉴",是（新建）
senior,history,统编版,选择性必修第三册,第一单元 源远流长的中华文化,2,"中华优秀传统文化的内涵与特点 | 中华文化的世界意义",是（新建）
senior,history,统编版,选择性必修第三册,第三单元 人口迁徙、文化交融与认同,3,"古代人类的迁徙和区域文化的形成 | 近代殖民活动和人口的跨地域转移 | 现代社会的移民和多元文化",是（新建）
senior,history,统编版,选择性必修第三册,第二单元 丰富多样的世界文化,3,"古代西亚、非洲文化 | 欧洲文化的形成 | 南亚、东亚与美洲的文化",是（新建）
senior,history,统编版,选择性必修第三册,第五单元 战争与文化交锋,3,"古代战争与地域文化的演变 | 近代战争与西方文化的扩张 | 现代战争与不同文化的碰撞和交流",是（新建）
senior,history,统编版,选择性必修第三册,第六单元 文化的传承与保护,2,"文化传承的多种载体及其发展 | 文化遗产：全人类共同的财富",是（新建）
senior,history,统编版,选择性必修第三册,第四单元 商路、贸易与文化交流,2,"古代的商路、贸易与文化交流 | 近代以来的世界贸易与文化交流的扩展",是（新建）
senior,history,统编版,选择性必修第二册,活动课 技术进步与社会生活的变化,2,"技术进步推动社会生活变化 | 技术进步与社会生活的关系",是（新建）
senior,history,统编版,选择性必修第二册,第一单元 食物生产与社会生活,3,"从食物采集到食物生产 | 新航路开辟后的食物物种交流 | 现代食物的生产、储备与食品安全",是（新建）
senior,history,统编版,选择性必修第二册,第三单元 商业贸易与日常生活,3,"古代的商业贸易 | 世界市场与商业贸易 | 20世纪以来人类的经济与生活",是（新建）
senior,history,统编版,选择性必修第二册,第二单元 生产工具与劳作方式,3,"古代的生产工具与劳作 | 工业革命与工厂制度 | 现代科技进步与人类社会发展",是（新建）
senior,history,统编版,选择性必修第二册,第五单元 交通与社会变迁,2,"水陆交通的变迁 | 现代交通运输的新变化",是（新建）
senior,history,统编版,选择性必修第二册,第六单元 医疗与公共卫生,2,"历史上的疫病与医学成就 | 现代医疗卫生体系与社会生活",是（新建）
senior,history,统编版,选择性必修第二册,第四单元 村落、城镇与居住环境,2,"古代的村落、集镇和城市 | 近代以来的城市化进程",是（新建）
senior,geography,人教版,必修第一册,第1章 宇宙中的地球,4,"地球的宇宙环境（天体系统与太阳系） | 太阳对地球的影响 | 地球的历史（地质年代与化石） | 地球的圈层结构",是（新建）
senior,geography,人教版,必修第一册,第2章 地球上的大气,4,"大气的组成和垂直分层 | 大气受热过程（太阳辐射与大气保温作用） | 大气热力环流 | 大气水平运动——风",是（新建）
senior,geography,人教版,必修第一册,第3章 地球上的水,3,"水循环的过程和意义 | 海水的性质（温度、盐度、密度） | 海水的运动（波浪、潮汐、洋流）",是（新建）
senior,geography,人教版,必修第一册,第4章 地貌,2,"常见地貌类型（喀斯特地貌、河流地貌、风沙地貌、海岸地貌） | 地貌的观察",是（新建）
senior,geography,人教版,必修第一册,第5章 植被与土壤,2,"植被与环境 | 土壤的形成",是（新建）
senior,geography,人教版,必修第一册,第6章 自然灾害,4,"气象灾害（洪涝、干旱、台风、寒潮） | 地质灾害（地震、滑坡、泥石流） | 防灾减灾 | 地理信息技术在防灾减灾中的应用",是（新建）
senior,geography,人教版,必修第二册,第1章 人口,3,"人口分布 | 人口迁移 | 人口容量",是（新建）
senior,geography,人教版,必修第二册,第2章 乡村和城镇,3,"乡村和城镇空间结构 | 城镇化 | 地域文化与城乡景观",是（新建）
senior,geography,人教版,必修第二册,第3章 产业区位因素,3,"农业区位因素及其变化 | 工业区位因素及其变化 | 服务业区位因素及其变化",是（新建）
senior,geography,人教版,必修第二册,第4章 交通运输布局与区域发展,2,"区域发展对交通运输布局的影响 | 交通运输布局对区域发展的影响",是（新建）
senior,geography,人教版,必修第二册,第5章 环境与发展,3,"人类面临的主要环境问题 | 走向人地协调——可持续发展 | 中国国家发展战略举例",是（新建）
senior,geography,人教版,选择性必修第一册,第一章 地球的运动,4,"地球自转及其地理意义 | 地球公转及其地理意义 | 昼夜长短与正午太阳高度的变化 | 时间计算与日期变更",是（新建）
senior,geography,人教版,选择性必修第一册,第三章 大气的运动,4,"锋与天气 | 低压（气旋）与高压（反气旋） | 气压带和风带的形成与移动 | 气压带、风带对气候的影响",是（新建）
senior,geography,人教版,选择性必修第一册,第二章 地表形态的塑造,5,"内力作用与外力作用 | 岩石圈物质循环 | 地质构造与构造地貌 | 河流地貌的发育 | 地表形态与人类活动",是（新建）
senior,geography,人教版,选择性必修第一册,第五章 自然环境的整体性与差异性,3,"自然环境的整体性 | 陆地地域分异规律 | 地方性分异规律",是（新建）
senior,geography,人教版,选择性必修第一册,第四章 水的运动,4,"陆地水体及其相互关系 | 洋流的成因与分布 | 洋流对地理环境的影响 | 海—气相互作用",是（新建）
senior,geography,人教版,选择性必修第三册,第一章 自然环境与人类社会,3,"自然环境的服务功能 | 自然资源及其利用 | 环境问题及其危害",是（新建）
senior,geography,人教版,选择性必修第三册,第三章 环境安全与国家安全,4,"环境安全对国家安全的影响 | 环境污染与国家安全 | 生态保护与国家安全 | 全球气候变化与国家安全",是（新建）
senior,geography,人教版,选择性必修第三册,第二章 资源安全与国家安全,4,"资源安全对国家安全的影响 | 中国的能源安全 | 中国的耕地资源与粮食安全 | 海洋空间资源开发与国家安全",是（新建）
senior,geography,人教版,选择性必修第三册,第四章 保障国家安全的资源、环境战略与行动,3,"走向生态文明 | 国家战略与政策 | 国际合作",是（新建）
senior,geography,人教版,选择性必修第二册,第一章 区域与区域发展,2,"多种多样的区域 | 区域的整体性和关联性",是（新建）
senior,geography,人教版,选择性必修第二册,第三章 城市、产业与区域发展,2,"城市的辐射功能 | 地区产业结构变化",是（新建）
senior,geography,人教版,选择性必修第二册,第二章 资源、环境与区域发展,3,"区域发展的自然环境基础 | 生态脆弱区的综合治理 | 资源枯竭型城市的转型发展",是（新建）
senior,geography,人教版,选择性必修第二册,第四章 区际联系与区域协调发展,4,"流域内协调发展 | 资源跨区域调配 | 产业转移 | 国际合作",是（新建）
senior,geography,湘教版,必修第一册,第1章 宇宙中的地球,4,"地球的宇宙环境 | 太阳对地球的影响 | 地球的圈层结构 | 地球的演化",是（新建）
senior,geography,湘教版,必修第一册,第2章 地球表面形态,3,"流水地貌 | 风成地貌 | 喀斯特、海岸和冰川地貌",是（新建）
senior,geography,湘教版,必修第一册,第3章 地球上的大气,3,"大气的组成与垂直分层 | 大气受热过程 | 大气热力环流",是（新建）
senior,geography,湘教版,必修第一册,第4章 地球上的水,3,"水循环 | 海水的性质和运动 | 海洋与人类",是（新建）
senior,geography,湘教版,必修第一册,第5章 地球上的植被与土壤,2,"主要植被与自然环境 | 土壤的形成",是（新建）
senior,geography,湘教版,必修第二册,第1章 人口与地理环境,3,"人口分布 | 人口迁移 | 人口容量",是（新建）
senior,geography,湘教版,必修第二册,第2章 城镇和乡村,3,"城乡空间结构 | 地域文化与城乡景观 | 城镇化进程及其影响",是（新建）
senior,geography,湘教版,必修第二册,第3章 产业区位选择,3,"农业区位因素与农业布局 | 工业区位因素与工业布局 | 服务业的区位选择",是（新建）
senior,geography,湘教版,必修第二册,第4章 区域发展战略,3,"交通运输与区域发展 | 我国区域发展战略 | 海洋权益与我国海洋发展战略",是（新建）
senior,geography,湘教版,必修第二册,第5章 人地关系与可持续发展,2,"人类面临的主要环境问题 | 协调人地关系，实现可持续发展",是（新建）
senior,geography,湘教版,选择性必修第一册,第一章 地球的运动,4,"地球自转及其地理意义 | 地球公转及其地理意义 | 昼夜长短与正午太阳高度 | 地方时与区时计算",是（新建）
senior,geography,湘教版,选择性必修第一册,第三章 大气的运动,3,"气压带、风带的形成与移动 | 气压带、风带与气候 | 天气系统（锋面与气旋、反气旋）",是（新建）
senior,geography,湘教版,选择性必修第一册,第二章 岩石圈与地表形态,4,"岩石圈物质循环 | 内力作用与地表形态的变化 | 外力作用与地表形态的变化 | 地表形态与人类活动",是（新建）
senior,geography,湘教版,选择性必修第一册,第五章 自然环境的整体性与差异性,2,"自然环境的整体性 | 自然环境的地域差异性",是（新建）
senior,geography,湘教版,选择性必修第一册,第四章 陆地水与洋流,3,"陆地水体间的相互关系 | 洋流及其对地理环境的影响 | 海—气相互作用",是（新建）
senior,geography,湘教版,选择性必修第三册,第一章 资源、环境与人类活动,2,"自然资源与人类活动 | 人类活动与环境问题",是（新建）
senior,geography,湘教版,选择性必修第三册,第三章 生态环境保护与国家安全,4,"碳排放与国际减排合作 | 自然保护区与生态安全 | 污染物跨境转移与环境安全 | 环境保护政策、措施与国家安全",是（新建）
senior,geography,湘教版,选择性必修第三册,第二章 自然资源与国家安全,5,"耕地资源与国家粮食安全 | 水资源与国家安全 | 矿产资源与国家安全 | 石油资源与国家安全 | 海洋空间资源与国家安全",是（新建）
senior,geography,湘教版,选择性必修第二册,第一章 认识区域,3,"区域及其类型 | 区域发展差异与因地制宜 | 区域联系与区域协调发展",是（新建）
senior,geography,湘教版,选择性必修第二册,第三章 区域合作,4,"产业转移对区域发展的影响 | 资源跨区域调配对区域发展的影响 | 长江流域协作开发与环境保护 | “一带一路”倡议与国际合作",是（新建）
senior,geography,湘教版,选择性必修第二册,第二章 区域发展,4,"大都市的辐射功能——以我国上海为例 | 产业转型地区的结构优化——以美国休斯敦为例 | 资源枯竭型地区的可持续发展——以德国鲁尔区为例 | 生态脆弱区的综合治理——以我国荒漠化地区为例",是（新建）
junior,math,人教版,七年级上册,第一章 有理数,5,"正数和负数 | 有理数的概念与分类 | 数轴 | 相反数与绝对值 | 有理数的大小比较",是（新建）
junior,math,人教版,七年级上册,第三章 代数式,4,"用字母表示数 | 代数式的书写规范 | 代数式的值 | 整式的概念",是（新建）
junior,math,人教版,七年级上册,第二章 有理数的运算,6,"有理数的加法 | 有理数的减法 | 有理数的乘法 | 有理数的除法 | 有理数的乘方 | 科学记数法与近似数",是（新建）
junior,math,人教版,七年级上册,第五章 一元一次方程,5,"一元一次方程的概念 | 等式的性质 | 移项与合并同类项解一元一次方程 | 去括号与去分母解一元一次方程 | 一元一次方程的实际应用",是（新建）
junior,math,人教版,七年级上册,第六章 几何图形初步,5,"立体图形与平面图形 | 直线、射线、线段 | 角的概念与度量 | 角的比较与运算 | 余角和补角",是（新建）
junior,math,人教版,七年级上册,第四章 整式的加减,3,"合并同类项 | 去括号法则 | 整式的加减运算",是（新建）
junior,math,人教版,七年级下册,第七章 相交线与平行线,6,"对顶角与邻补角 | 垂线及其性质 | 同位角、内错角、同旁内角 | 平行线的判定 | 平行线的性质 | 平移",是（新建）
junior,math,人教版,七年级下册,第九章 平面直角坐标系,3,"平面直角坐标系的概念 | 点的坐标与象限 | 坐标方法的简单应用",是（新建）
junior,math,人教版,七年级下册,第八章 实数,5,"算术平方根 | 平方根 | 立方根 | 实数的概念与分类 | 实数的运算与大小比较",是（新建）
junior,math,人教版,七年级下册,第十一章 不等式与不等式组,4,"不等式的概念与性质 | 一元一次不等式的解法 | 一元一次不等式组的解法 | 一元一次不等式的实际应用",是（新建）
junior,math,人教版,七年级下册,第十二章 数据的收集、整理与描述,3,"全面调查与抽样调查 | 频数分布表与直方图 | 用样本估计总体",是（新建）
junior,math,人教版,七年级下册,第十章 二元一次方程组,5,"二元一次方程组的概念 | 代入消元法 | 加减消元法 | 二元一次方程组的实际应用 | 三元一次方程组解法",是（新建）
junior,math,人教版,九年级上册,第三十章 直线与圆的位置关系,6,"直线与圆的位置关系 | 切线的判定与性质 | 切线长定理 | 三角形的内切圆 | 正多边形和圆 | 弧长和扇形面积",是（新建）
junior,math,人教版,九年级上册,第二十七章 反比例函数,3,"反比例函数的概念 | 反比例函数的图象与性质 | 反比例函数的实际应用",是（新建）
junior,math,人教版,九年级上册,第二十九章 圆,5,"圆的有关性质与垂径定理 | 弧、弦、圆心角的关系 | 圆周角定理 | 点和圆的位置关系 | 三角形的外接圆与内切圆",是（新建）
junior,math,人教版,九年级上册,第二十五章 一元二次方程,6,"一元二次方程的概念 | 直接开平方法与配方法 | 公式法 | 因式分解法 | 根的判别式 | 一元二次方程的实际应用",是（新建）
junior,math,人教版,九年级上册,第二十八章 旋转,4,"图形的旋转 | 中心对称与中心对称图形 | 关于原点对称的点的坐标 | 旋转作图",是（新建）
junior,math,人教版,九年级上册,第二十六章 二次函数,6,"二次函数的概念 | 二次函数的图象与性质 | 二次函数解析式的确定 | 二次函数与一元二次方程的关系 | 二次函数的最值问题 | 二次函数的实际应用",是（新建）
junior,math,人教版,九年级下册,第三十一章 相似,5,"图形的相似 | 相似三角形的判定 | 相似三角形的性质 | 相似三角形的实际应用 | 位似",是（新建）
junior,math,人教版,九年级下册,第三十三章 投影与视图,3,"平行投影与中心投影 | 三视图（主视图、左视图、俯视图） | 由三视图还原几何体",是（新建）
junior,math,人教版,九年级下册,第三十二章 锐角三角函数,4,"锐角三角函数（正弦、余弦、正切） | 特殊角的三角函数值 | 解直角三角形 | 解直角三角形的应用（仰角、俯角、坡度）",是（新建）
junior,math,人教版,八年级上册,第十七章 因式分解,4,"因式分解的概念 | 提公因式法 | 公式法（平方差与完全平方） | 十字相乘法",是（新建）
junior,math,人教版,八年级上册,第十三章 三角形,5,"三角形的三边关系 | 三角形的高、中线与角平分线 | 三角形的内角和 | 三角形的外角 | 多边形及其内角和",是（新建）
junior,math,人教版,八年级上册,第十五章 轴对称,5,"轴对称与轴对称图形 | 线段的垂直平分线 | 等腰三角形的性质与判定 | 等边三角形 | 最短路径问题",是（新建）
junior,math,人教版,八年级上册,第十八章 分式,5,"分式的概念与基本性质 | 分式的乘除 | 分式的加减 | 整数指数幂 | 分式方程及其应用",是（新建）
junior,math,人教版,八年级上册,第十六章 整式的乘法,7,"同底数幂的乘法 | 幂的乘方与积的乘方 | 单项式与多项式相乘 | 多项式与多项式相乘 | 平方差公式 | 完全平方公式 | 同底数幂的除法",是（新建）
junior,math,人教版,八年级上册,第十四章 全等三角形,5,"全等三角形的概念与性质 | 三角形全等的判定（SSS、SAS） | 三角形全等的判定（ASA、AAS） | 直角三角形全等的判定（HL） | 角的平分线的性质",是（新建）
junior,math,人教版,八年级下册,第二十一章 四边形,6,"平行四边形的性质 | 平行四边形的判定 | 矩形 | 菱形 | 正方形 | 三角形中位线",是（新建）
junior,math,人教版,八年级下册,第二十三章 一次函数,5,"一次函数与正比例函数的概念 | 一次函数的图象与性质 | 一次函数与一元一次方程、不等式 | 一次函数与二元一次方程组 | 一次函数的实际应用",是（新建）
junior,math,人教版,八年级下册,第二十二章 函数,3,"函数的概念 | 函数的图象 | 函数的三种表示方法",是（新建）
junior,math,人教版,八年级下册,第二十四章 数据的分析,4,"算术平均数与加权平均数 | 中位数与众数 | 方差 | 数据的波动程度",是（新建）
junior,math,人教版,八年级下册,第二十章 勾股定理,3,"勾股定理及其证明 | 勾股定理的逆定理 | 勾股定理的应用（最短路径）",是（新建）
junior,math,人教版,八年级下册,第十九章 二次根式,3,"二次根式的概念 | 二次根式的乘除 | 二次根式的加减",是（新建）
junior,math,北师大版,七年级上册,第一章 丰富的图形世界,4,"立体图形的认识 | 展开与折叠 | 截一个几何体 | 从三个方向看物体的形状",是（新建）
junior,math,北师大版,七年级上册,第三章 整式及其加减,5,"代数式 | 单项式与多项式 | 合并同类项 | 去括号法则 | 整式的加减运算",是（新建）
junior,math,北师大版,七年级上册,第二章 有理数及其运算,7,"有理数的概念与分类 | 数轴与相反数 | 绝对值 | 有理数的加法与减法 | 有理数的乘除与乘方 | 有理数的混合运算 | 科学记数法",是（新建）
junior,math,北师大版,七年级上册,第五章 一元一次方程,5,"一元一次方程的概念 | 解一元一次方程 | 列方程解应用题（等积变形） | 列方程解应用题（销售打折） | 列方程解应用题（行程问题）",是（新建）
junior,math,北师大版,七年级上册,第六章 数据的收集与整理,5,"数据的收集方式 | 普查与抽样调查 | 扇形统计图 | 频数直方图 | 统计图的选择",是（新建）
junior,math,北师大版,七年级上册,第四章 基本平面图形,5,"线段、射线、直线 | 线段的比较与中点 | 角的概念与度量 | 角的比较与角平分线 | 多边形和圆的初步认识",是（新建）
junior,math,北师大版,七年级下册,第一章 整式的乘除,7,"同底数幂的乘法 | 幂的乘方与积的乘方 | 同底数幂的除法 | 整式的乘法 | 平方差公式 | 完全平方公式 | 整式的除法",是（新建）
junior,math,北师大版,七年级下册,第三章 概率初步,3,"必然事件与随机事件 | 频率的稳定性 | 等可能事件的概率计算",是（新建）
junior,math,北师大版,七年级下册,第二章 相交线与平行线,5,"对顶角与余角补角 | 垂线及其性质 | 探索直线平行的条件 | 平行线的性质 | 用尺规作角",是（新建）
junior,math,北师大版,七年级下册,第五章 图形的轴对称,5,"轴对称与轴对称图形 | 轴对称的性质 | 线段的垂直平分线 | 等腰三角形的轴对称性 | 角的轴对称性与角平分线",是（新建）
junior,math,北师大版,七年级下册,第六章 变量之间的关系,4,"变量与自变量 | 用表格表示变量间关系 | 用关系式表示变量间关系 | 用图象表示变量间关系",是（新建）
junior,math,北师大版,七年级下册,第四章 三角形,6,"三角形的边与角 | 三角形的高、中线与角平分线 | 全等图形的概念 | 三角形全等的判定（SSS、SAS） | 三角形全等的判定（ASA、AAS） | 直角三角形全等的判定（HL）",是（新建）
junior,math,北师大版,九年级上册,第一章 特殊平行四边形,4,"菱形的性质与判定 | 矩形的性质与判定 | 正方形的性质与判定 | 特殊平行四边形的关系",是（新建）
junior,math,北师大版,九年级上册,第三章 图形的相似,6,"成比例线段 | 平行线分线段成比例 | 相似三角形的判定 | 相似三角形的性质 | 利用相似三角形测高 | 图形的位似",是（新建）
junior,math,北师大版,九年级上册,第二章 一元二次方程,7,"一元二次方程的概念 | 配方法解一元二次方程 | 公式法解一元二次方程 | 因式分解法解一元二次方程 | 一元二次方程根的判别式 | 根与系数的关系 | 一元二次方程的应用",是（新建）
junior,math,北师大版,九年级上册,第五章 二次函数,6,"二次函数的概念 | 二次函数y=ax²的图象与性质 | 二次函数y=a(x-h)²+k的图象与性质 | 确定二次函数的表达式 | 二次函数的应用（最值问题） | 二次函数与一元二次方程的关系",是（新建）
junior,math,北师大版,九年级上册,第六章 概率的进一步认识,3,"用树状图求概率 | 用列表法求概率 | 用频率估计概率",是（新建）
junior,math,北师大版,九年级上册,第四章 投影与视图,3,"中心投影与平行投影 | 三视图（主视图、左视图、俯视图） | 由三视图还原几何体",是（新建）
junior,math,北师大版,九年级下册,第一章 直角三角形的边角关系,4,"锐角三角函数（正弦、余弦、正切） | 特殊角的三角函数值 | 解直角三角形 | 三角函数的实际应用（测高、坡度）",是（新建）
junior,math,北师大版,九年级下册,第三章 圆,8,"圆的有关概念与性质 | 垂径定理及其推论 | 圆心角与圆周角的关系 | 确定圆的条件 | 直线与圆的位置关系 | 切线的性质与判定 | 切线长定理 | 弧长及扇形面积",是（新建）
junior,math,北师大版,九年级下册,第二章 反比例函数,3,"反比例函数的概念 | 反比例函数的图象与性质 | 反比例函数的应用",是（新建）
junior,math,北师大版,八年级上册,第一章 勾股定理,3,"勾股定理 | 勾股定理的逆定理 | 勾股定理的应用",是（新建）
junior,math,北师大版,八年级上册,第七章 证明,4,"定义与命题 | 平行线的判定定理 | 平行线的性质定理 | 三角形内角和定理及推论",是（新建）
junior,math,北师大版,八年级上册,第三章 位置与坐标,4,"确定位置的方法 | 平面直角坐标系 | 点的坐标与象限 | 轴对称与坐标变化",是（新建）
junior,math,北师大版,八年级上册,第二章 实数,5,"无理数的概念 | 平方根与算术平方根 | 立方根 | 实数的概念与分类 | 二次根式的化简与运算",是（新建）
junior,math,北师大版,八年级上册,第五章 二元一次方程组,6,"二元一次方程组的概念 | 代入消元法 | 加减消元法 | 二元一次方程组的应用 | 二元一次方程与一次函数的关系 | 三元一次方程组",是（新建）
junior,math,北师大版,八年级上册,第六章 数据的分析,4,"平均数（含加权平均数） | 中位数与众数 | 数据的集中趋势 | 极差、方差与标准差",是（新建）
junior,math,北师大版,八年级上册,第四章 一次函数,5,"函数的概念 | 一次函数与正比例函数 | 一次函数的图象与性质 | 确定一次函数的表达式 | 一次函数与方程（组）、不等式的关系",是（新建）
junior,math,北师大版,八年级下册,第一章 三角形的证明,5,"等腰三角形的性质与判定 | 等边三角形的性质与判定 | 直角三角形的性质与判定 | 线段的垂直平分线 | 角平分线的性质与判定",是（新建）
junior,math,北师大版,八年级下册,第三章 图形的平移与旋转,4,"图形的平移 | 图形的旋转 | 中心对称与中心对称图形 | 平移与旋转的作图",是（新建）
junior,math,北师大版,八年级下册,第二章 不等式与不等式组,5,"不等式的基本性质 | 不等式的解集 | 解一元一次不等式 | 一元一次不等式与一次函数 | 一元一次不等式组",是（新建）
junior,math,北师大版,八年级下册,第五章 分式与分式方程,5,"分式的概念与基本性质 | 分式的乘除法 | 分式的加减法 | 分式方程及其解法 | 分式方程的应用",是（新建）
junior,math,北师大版,八年级下册,第六章 平行四边形,4,"平行四边形的性质 | 平行四边形的判定 | 三角形的中位线 | 多边形的内角和与外角和",是（新建）
junior,math,北师大版,八年级下册,第四章 因式分解,4,"因式分解的概念 | 提公因式法 | 平方差公式分解因式 | 完全平方公式分解因式",是（新建）
junior,math,苏科版,七年级上册,第一章 数学与我们同行,4,"找规律问题 | 图形中的规律 | 数字与编码 | 估算与估测",是（新建）
junior,math,苏科版,七年级上册,第三章 代数式,5,"字母表示数 | 代数式 | 代数式的值 | 合并同类项 | 去括号与整式的加减",是（新建）
junior,math,苏科版,七年级上册,第二章 有理数,6,"正数与负数 | 数轴、相反数与绝对值 | 有理数的加法与减法 | 有理数的乘法与除法 | 有理数的乘方与科学记数法 | 有理数的混合运算",是（新建）
junior,math,苏科版,七年级上册,第五章 走进几何世界,4,"生活中的立体图形 | 图形的运动 | 展开与折叠 | 三视图",是（新建）
junior,math,苏科版,七年级上册,第六章 平面图形的初步认识,5,"线段、射线、直线 | 角 | 余角、补角、对顶角 | 平行线 | 垂直",是（新建）
junior,math,苏科版,七年级上册,第四章 一元一次方程,4,"从问题到方程 | 等式的性质与方程的解 | 解一元一次方程 | 一元一次方程的应用",是（新建）
junior,math,苏科版,七年级下册,第一章 幂的运算,3,"同底数幂的乘法 | 幂的乘方与积的乘方 | 同底数幂的除法",是（新建）
junior,math,苏科版,七年级下册,第三章 图形的变换,3,"图形的平移 | 图形的旋转 | 轴对称",是（新建）
junior,math,苏科版,七年级下册,第二章 整式乘法,4,"单项式乘单项式 | 单项式乘多项式 | 多项式乘多项式 | 乘法公式",是（新建）
junior,math,苏科版,七年级下册,第五章 一元一次不等式,5,"不等式与不等式的解集 | 不等式的性质 | 解一元一次不等式 | 一元一次不等式组 | 一元一次不等式的应用",是（新建）
junior,math,苏科版,七年级下册,第六章 定义 命题 证明,3,"定义与命题 | 证明 | 互逆命题",是（新建）
junior,math,苏科版,七年级下册,第四章 二元一次方程组,4,"二元一次方程与方程组 | 代入消元法 | 加减消元法 | 二元一次方程组的应用",是（新建）
junior,math,苏科版,九年级上册,第一章 反比例函数,3,"反比例函数的概念 | 反比例函数的图象与性质 | 反比例函数的应用",是（新建）
junior,math,苏科版,九年级上册,第三章 圆,7,"圆的相关概念 | 确定圆的条件 | 圆的对称性 | 圆周角 | 点与圆、直线与圆的位置关系 | 正多边形与圆 | 弧长及扇形的面积",是（新建）
junior,math,苏科版,九年级上册,第二章 一元二次方程,4,"一元二次方程的概念 | 一元二次方程的解法 | 一元二次方程的根与系数的关系 | 一元二次方程的应用",是（新建）
junior,math,苏科版,九年级上册,第五章 等可能条件下的概率,3,"等可能性 | 等可能条件下的概率 | 概率的简单应用",是（新建）
junior,math,苏科版,九年级上册,第四章 数据的集中趋势和离散程度,4,"平均数 | 中位数与众数 | 四分位数和箱线图 | 数据的离散程度",是（新建）
junior,math,苏科版,九年级下册,第七章 图形的相似,6,"图上距离与实际距离 | 相似图形 | 探索三角形相似的条件 | 相似三角形的性质 | 图形的位似 | 相似三角形的应用",是（新建）
junior,math,苏科版,九年级下册,第九章 投影,3,"平行投影与中心投影 | 正投影 | 投影的简单应用",是（新建）
junior,math,苏科版,九年级下册,第八章 锐角三角函数,5,"正切 | 正弦与余弦 | 特殊角的三角函数 | 解直角三角形 | 锐角三角函数的应用",是（新建）
junior,math,苏科版,九年级下册,第六章 二次函数,5,"二次函数的概念 | 二次函数的图象与性质 | 用待定系数法确定二次函数表达式 | 二次函数与一元二次方程 | 二次函数的应用",是（新建）
junior,math,苏科版,八年级上册,第一章 三角形,5,"全等三角形 | 三角形全等的判定 | 等腰三角形的性质与判定 | 角平分线 | 线段的垂直平分线",是（新建）
junior,math,苏科版,八年级上册,第三章 勾股定理,3,"勾股定理 | 勾股定理的逆定理 | 勾股定理的应用",是（新建）
junior,math,苏科版,八年级上册,第二章 实数的初步认识,4,"平方根 | 立方根 | 实数 | 近似数",是（新建）
junior,math,苏科版,八年级上册,第五章 一次函数,5,"函数 | 一次函数的概念 | 一次函数的图象与性质 | 一次函数与方程、不等式 | 一次函数的应用",是（新建）
junior,math,苏科版,八年级上册,第四章 平面直角坐标系,3,"物体位置的测定 | 平面直角坐标系 | 坐标方法的简单应用",是（新建）
junior,math,苏科版,八年级下册,第一章 数据的收集、整理、描述,4,"普查与抽样调查 | 统计图的选用 | 频数与频率 | 频数分布表与频数分布直方图",是（新建）
junior,math,苏科版,八年级下册,第三章 中心对称图形——平行四边形,5,"图形的旋转 | 中心对称与中心对称图形 | 平行四边形的性质与判定 | 矩形、菱形、正方形 | 三角形的中位线",是（新建）
junior,math,苏科版,八年级下册,第二章 认识概率,3,"确定事件与随机事件 | 可能性的大小 | 频率与概率",是（新建）
junior,math,苏科版,八年级下册,第五章 分式,5,"分式的概念 | 分式的基本性质 | 分式的加减 | 分式的乘除 | 分式方程",是（新建）
junior,math,苏科版,八年级下册,第六章 二次根式,3,"二次根式的概念 | 二次根式的乘除 | 二次根式的加减",是（新建）
junior,math,苏科版,八年级下册,第四章 因式分解,3,"因式分解的概念 | 提公因式法 | 公式法",是（新建）
junior,physics,人教版,九年级全一册,第二十一章 电磁波及其应用,3,"电磁波的产生与传播(波速波长频率) | 广播电视与移动通信原理 | 光纤通信与卫星通信",是（新建）
junior,physics,人教版,九年级全一册,第二十二章 能源与可持续发展,3,"能源分类与利用现状 | 核能(核裂变与核聚变) | 太阳能及新能源开发",是（新建）
junior,physics,人教版,九年级全一册,第二十章 电与磁,5,"磁现象与磁场(磁感线) | 电流的磁效应(奥斯特实验) | 电磁铁与电磁继电器 | 磁场对通电导线的作用(电动机原理) | 电磁感应现象(发电机原理)",是（新建）
junior,physics,人教版,九年级全一册,第十七章 欧姆定律,4,"探究电流与电压电阻的关系 | 欧姆定律公式(I=U/R)及计算 | 伏安法测电阻实验 | 欧姆定律在串并联电路中的应用",是（新建）
junior,physics,人教版,九年级全一册,第十三章 内能,3,"分子动理论初步(扩散与分子力) | 内能的概念与改变内能的方式 | 比热容及热量计算(Q=cmΔt)",是（新建）
junior,physics,人教版,九年级全一册,第十九章 生活用电,3,"家庭电路的组成与连接 | 测电笔的使用与三孔插座接线 | 安全用电原则与触电急救",是（新建）
junior,physics,人教版,九年级全一册,第十五章 电流和电路,4,"两种电荷及电荷间相互作用 | 电路组成与电路图识别 | 串联与并联电路的连接与识别 | 电流的测量与串并联电流规律",是（新建）
junior,physics,人教版,九年级全一册,第十八章 电功率,4,"电能与电功的计算(W=UIt) | 电功率公式(P=UI)及额定功率 | 测量小灯泡的电功率实验 | 焦耳定律(Q=I²Rt)及应用",是（新建）
junior,physics,人教版,九年级全一册,第十六章 电压 电阻,4,"电压的概念与电压表使用 | 串并联电路中电压的规律 | 电阻的概念与影响电阻大小的因素 | 滑动变阻器的原理与接线方法",是（新建）
junior,physics,人教版,九年级全一册,第十四章 内能的利用,3,"能量的转化与守恒定律 | 热机的工作原理(内燃机四冲程) | 热机效率的计算与提高途径",是（新建）
junior,physics,人教版,八年级上册,第一章 机械运动,5,"长度测量与刻度尺读数 | 时间测量与误差分析 | 参照物与机械运动的描述 | 速度公式(v=s/t)及计算 | 平均速度的测量实验",是（新建）
junior,physics,人教版,八年级上册,第三章 物态变化,4,"温度与温度计的使用 | 熔化与凝固及晶体非晶体区别 | 汽化与液化(蒸发与沸腾) | 升华与凝华现象",是（新建）
junior,physics,人教版,八年级上册,第二章 声现象,4,"声音的产生与传播条件 | 音调响度音色的辨别 | 超声波与次声波的应用 | 噪声的危害与控制途径",是（新建）
junior,physics,人教版,八年级上册,第五章 透镜及其应用,4,"凸透镜与凹透镜对光线的作用 | 凸透镜成像规律及应用 | 眼睛与眼镜(近视远视矫正) | 显微镜和望远镜的原理",是（新建）
junior,physics,人教版,八年级上册,第六章 质量与密度,4,"质量的概念与天平的使用 | 密度公式(ρ=m/V)及计算 | 测量固体和液体的密度实验 | 密度与物质鉴别",是（新建）
junior,physics,人教版,八年级上册,第四章 光现象,5,"光的直线传播及光速 | 光的反射定律及作图 | 平面镜成像特点及应用 | 光的折射规律 | 光的色散与色光三原色",是（新建）
junior,physics,人教版,八年级下册,第七章 力,3,"力的作用效果与三要素 | 弹力与弹簧测力计原理 | 重力(G=mg)及方向与重心",是（新建）
junior,physics,人教版,八年级下册,第九章 压强,4,"压强公式(p=F/S)及增大减小压强 | 液体压强特点及公式(p=ρgh) | 大气压强现象及托里拆利实验 | 流体压强与流速的关系",是（新建）
junior,physics,人教版,八年级下册,第八章 运动和力,4,"牛顿第一定律与惯性现象 | 二力平衡条件及应用 | 滑动摩擦力的影响因素 | 同一直线上二力的合成",是（新建）
junior,physics,人教版,八年级下册,第十一章 功和机械能,4,"功的判断与计算(W=Fs) | 功率的概念与计算(P=W/t) | 动能与势能的影响因素 | 机械能及其转化",是（新建）
junior,physics,人教版,八年级下册,第十二章 简单机械,3,"杠杆平衡条件(F1L1=F2L2)及分类 | 定滑轮动滑轮与滑轮组 | 机械效率的计算(η=W有/W总)",是（新建）
junior,physics,人教版,八年级下册,第十章 浮力,3,"浮力产生原因及称重法测浮力 | 阿基米德原理(F浮=ρ液gV排) | 物体的浮沉条件及应用",是（新建）
junior,physics,教科版,九年级全一册,第10章 电磁波与信息技术,3,"电磁波的产生与传播(波速波长频率) | 电磁波的家族及应用 | 光纤通信与网络通信",是（新建）
junior,physics,教科版,九年级全一册,第11章 能源与可持续发展,5,"能量守恒定律 | 能源的分类与常规能源利用 | 核能(核裂变与核聚变) | 太阳能的利用 | 能源与可持续发展",是（新建）
junior,physics,教科版,九年级全一册,第12章 我们的物质世界,3,"物质的微观结构(原子分子) | 新材料(半导体纳米材料)及其应用 | 人类探索宇宙的历程",是（新建）
junior,physics,教科版,九年级全一册,第1章 内能,3,"分子动理论(扩散与分子间作用力) | 内能的概念与改变内能的方式 | 热量的计算(Q=cmΔt)与比热容",是（新建）
junior,physics,教科版,九年级全一册,第2章 改变世界的热机,3,"内燃机的四个冲程工作原理 | 热值的概念与燃料放热计算(Q=mq) | 热机效率的计算与节能途径",是（新建）
junior,physics,教科版,九年级全一册,第3章 简单电路,3,"两种电荷及电荷间相互作用 | 电路的组成与电路图绘制 | 串联与并联电路的识别与连接",是（新建）
junior,physics,教科版,九年级全一册,第4章 电流、电压和电阻,5,"电流的概念与电流表使用 | 电压的概念与电压表使用 | 串并联电路中电流电压的规律 | 电阻的概念与影响因素 | 滑动变阻器的原理与接线",是（新建）
junior,physics,教科版,九年级全一册,第5章 欧姆定律,4,"探究电流与电压电阻的关系 | 欧姆定律公式(I=U/R)及计算 | 伏安法测电阻实验 | 串并联电路的等效电阻",是（新建）
junior,physics,教科版,九年级全一册,第6章 电功率,4,"电功的计算(W=UIt)与电能表 | 电功率公式(P=UI)及额定功率 | 测量小灯泡电功率实验 | 焦耳定律(Q=I²Rt)及电热应用",是（新建）
junior,physics,教科版,九年级全一册,第7章 磁与电,4,"磁体磁场与磁感线 | 奥斯特实验与通电螺线管磁场 | 电磁铁磁性强弱的影响因素 | 电磁继电器的原理与应用",是（新建）
junior,physics,教科版,九年级全一册,第8章 电磁相互作用,4,"电磁感应现象及产生条件 | 发电机的工作原理 | 磁场对通电导体的作用力 | 直流电动机的工作原理",是（新建）
junior,physics,教科版,九年级全一册,第9章 家庭用电,3,"家庭电路的组成与各部分作用 | 试电笔的使用与火线零线辨别 | 安全用电原则与触电急救",是（新建）
junior,physics,教科版,八年级上册,第1章 走进实验室,3,"长度测量与刻度尺读数 | 误差与减小误差的方法 | 科学探究的基本环节",是（新建）
junior,physics,教科版,八年级上册,第2章 运动与能量,3,"机械运动与参照物的选择 | 速度公式(v=s/t)及匀速直线运动 | 能量的多种形式与相互转化",是（新建）
junior,physics,教科版,八年级上册,第3章 声的世界,4,"声音的产生与传播条件 | 音调响度音色的辨别 | 噪声的危害与控制途径 | 超声波与次声波的应用",是（新建）
junior,physics,教科版,八年级上册,第4章 光的世界,7,"光的直线传播与光速 | 光的反射定律及作图 | 平面镜成像特点 | 光的折射规律 | 凸透镜成像规律及应用 | 近视眼与远视眼的矫正 | 光的色散与三原色",是（新建）
junior,physics,教科版,八年级上册,第5章 物态变化,5,"温度与温度计的使用 | 熔化与凝固(晶体与非晶体) | 汽化与液化(蒸发与沸腾) | 升华与凝华 | 自然界中的水循环",是（新建）
junior,physics,教科版,八年级上册,第6章 质量与密度,4,"质量的概念与天平使用 | 密度公式(ρ=m/V)及计算 | 测量固体和液体的密度实验 | 密度与物质鉴别",是（新建）
junior,physics,教科版,八年级下册,第10章 流体的力现象,4,"流体压强与流速的关系 | 浮力产生原因及称重法 | 阿基米德原理(F浮=ρ液gV排) | 物体的浮沉条件及应用",是（新建）
junior,physics,教科版,八年级下册,第11章 机械与功,4,"杠杆平衡条件(F1L1=F2L2)及分类 | 定滑轮动滑轮与滑轮组 | 功(W=Fs)与功率(P=W/t)的计算 | 机械效率的计算与测量",是（新建）
junior,physics,教科版,八年级下册,第12章 机械能,3,"动能与势能的影响因素 | 机械能及其转化 | 水能与风能的利用",是（新建）
junior,physics,教科版,八年级下册,第7章 力,3,"力的作用效果与三要素 | 弹力与弹簧测力计原理 | 重力(G=mg)及方向与重心",是（新建）
junior,physics,教科版,八年级下册,第8章 运动和力,4,"牛顿第一定律与惯性现象 | 二力平衡条件及应用 | 滑动摩擦力的影响因素 | 力与运动状态的关系",是（新建）
junior,physics,教科版,八年级下册,第9章 压强,4,"压强公式(p=F/S)及增大减小压强 | 液体压强特点及公式(p=ρgh) | 连通器原理及应用 | 大气压强现象及测量",是（新建）
junior,chemistry,人教版,九年级上册,第一单元 走进化学世界,6,"物理变化与化学变化 | 物理性质与化学性质 | 常用化学实验仪器及用途 | 化学实验基本操作（药品取用、加热、仪器连接与洗涤） | 科学探究的基本环节 | 对蜡烛及其燃烧的探究",是（新建）
junior,chemistry,人教版,九年级上册,第七单元 能源的合理利用与开发,6,"燃烧的条件与灭火原理 | 易燃易爆物的安全知识 | 化石燃料（煤、石油、天然气） | 化学反应中的能量变化 | 燃料充分燃烧的条件与意义 | 新能源的开发与利用",是（新建）
junior,chemistry,人教版,九年级上册,第三单元 物质构成的奥秘,7,"分子的基本性质 | 分子与原子的概念及区别 | 原子的构成（原子核与核外电子） | 核外电子排布与离子的形成 | 元素的概念及元素符号 | 元素周期表简介 | 相对原子质量",是（新建）
junior,chemistry,人教版,九年级上册,第二单元 空气和氧气,8,"空气的成分及各成分体积分数 | 空气中氧气含量的测定实验 | 空气污染与防治 | 氧气的性质（物理性质与化学性质） | 氧气与碳硫铁磷的燃烧反应 | 化合反应、分解反应与氧化反应 | 氧气的实验室制取（高锰酸钾、过氧化氢法） | 催化剂与催化作用",是（新建）
junior,chemistry,人教版,九年级上册,第五单元 化学反应的定量关系,5,"质量守恒定律的内容与微观解释 | 质量守恒定律的实验验证 | 化学方程式的意义 | 化学方程式的书写与配平 | 根据化学方程式的简单计算",是（新建）
junior,chemistry,人教版,九年级上册,第六单元 碳和碳的氧化物,6,"碳单质的多样性（金刚石、石墨、C60） | 碳的化学性质（稳定性、可燃性、还原性） | 二氧化碳的性质（物理与化学） | 二氧化碳的实验室制取 | 一氧化碳的性质（可燃性、还原性、毒性） | 二氧化碳对生活与环境的影响（温室效应）",是（新建）
junior,chemistry,人教版,九年级上册,第四单元 自然界的水,8,"水资源的保护与利用 | 水的净化（沉淀、过滤、吸附、蒸馏） | 硬水与软水的鉴别及转化 | 水的电解实验与水的组成 | 单质、化合物与氧化物 | 化学式的意义与书写 | 化合价及其应用 | 相对分子质量的计算",是（新建）
junior,chemistry,人教版,九年级下册,第九单元 溶液,7,"溶液的形成与特征（溶质、溶剂） | 溶解过程中的吸热与放热现象 | 饱和溶液与不饱和溶液 | 溶解度的概念与溶解度曲线 | 气体溶解度及其影响因素 | 溶质的质量分数 | 配制一定溶质质量分数的溶液",是（新建）
junior,chemistry,人教版,九年级下册,第八单元 金属和金属材料,8,"金属的物理性质与共性 | 合金及其性质（生铁、钢） | 金属与氧气的反应 | 金属与酸的反应（置换反应） | 金属活动性顺序及应用 | 金属矿物与铁的冶炼 | 金属的锈蚀条件与防护 | 金属资源的保护",是（新建）
junior,chemistry,人教版,九年级下册,第十一单元 化学与社会,5,"人体所需的六大营养素 | 化学元素与人体健康 | 有机合成材料（塑料、合成纤维、合成橡胶） | 化学与能源 | 化学与环境保护",是（新建）
junior,chemistry,人教版,九年级下册,第十单元 常见的酸、碱、盐,8,"酸碱指示剂（石蕊、酚酞） | 常见酸的性质（盐酸、硫酸） | 浓硫酸的稀释与特性 | 常见碱的性质（氢氧化钠、氢氧化钙） | 中和反应及其应用 | 溶液酸碱度pH的测定 | 常见盐的性质（氯化钠、碳酸钠、碳酸氢钠、碳酸钙） | 复分解反应发生的条件",是（新建）
junior,chemistry,鲁科版,九年级上册,第一单元 步入化学殿堂,6,"化学研究的对象与范畴 | 物理变化与化学变化 | 物质的性质（物理性质与化学性质） | 科学探究的基本环节 | 常用化学实验仪器 | 化学实验基本操作",是（新建）
junior,chemistry,鲁科版,九年级上册,第三单元 探秘水世界,7,"分子的基本性质 | 水的三态变化与分子运动 | 水的电解与水的组成 | 水的净化方法 | 硬水与软水 | 溶解的过程与溶液的形成 | 饱和溶液与溶解度",是（新建）
junior,chemistry,鲁科版,九年级上册,第二单元 认识物质的构成,7,"原子的构成与结构 | 核外电子排布与离子 | 元素的概念与元素符号 | 元素周期表简介 | 化学式的意义与书写 | 化合价 | 物质组成的定量表示（相对分子质量计算）",是（新建）
junior,chemistry,鲁科版,九年级上册,第五单元 定量研究化学反应,5,"质量守恒定律 | 质量守恒的微观解释 | 化学方程式的意义与书写 | 化学方程式的配平 | 根据化学方程式的计算",是（新建）
junior,chemistry,鲁科版,九年级上册,第六单元 控制燃烧,6,"燃烧的条件 | 灭火的原理与方法 | 促进燃烧的方法 | 爆炸与安全 | 化石燃料的种类与利用 | 碳达峰与碳中和",是（新建）
junior,chemistry,鲁科版,九年级上册,第四单元 我们周围的空气,6,"空气的组成及体积分数 | 空气中氧气含量的测定 | 氧气的性质 | 氧气的实验室制取 | 催化剂 | 化合反应与氧化反应",是（新建）
junior,chemistry,鲁科版,九年级下册,第七单元 认识酸和碱,5,"酸碱指示剂 | 酸的性质（盐酸、硫酸） | 碱的性质（氢氧化钠、氢氧化钙） | 溶液的酸碱性与pH | 酸碱中和反应",是（新建）
junior,chemistry,鲁科版,九年级下册,第九单元 金属,6,"金属材料与合金 | 金属的物理性质 | 金属的化学性质 | 金属活动性顺序 | 金属的锈蚀与防护 | 铁的冶炼",是（新建）
junior,chemistry,鲁科版,九年级下册,第八单元 海洋化学资源的利用,5,"海洋化学资源 | 海水晒盐的原理 | 溶解度与粗盐提纯 | 碳酸钠与碳酸氢钠的性质 | 纯碱的性质与用途",是（新建）
junior,chemistry,鲁科版,九年级下册,第十一单元 化学与社会发展,4,"无机材料与有机合成材料 | 化学与能源开发 | 化学与农业生产（化肥、农药） | 化学与环境保护",是（新建）
junior,chemistry,鲁科版,九年级下册,第十单元 化学与健康,3,"食物中的有机物（糖类、油脂、蛋白质、维生素） | 化学元素与人体健康 | 远离有毒物质",是（新建）
junior,biology,人教版,七年级上册,第一单元 生物和细胞 第一章 认识生物,3,"生物的基本特征 | 科学观察的方法 | 调查周边环境中的生物",是（新建）
junior,biology,人教版,七年级上册,第一单元 生物和细胞 第三章 从细胞到生物体,5,"细胞分裂产生新细胞 | 细胞分化形成组织 | 动物体的结构层次 | 植物体的结构层次 | 单细胞生物的结构和生活",是（新建）
junior,biology,人教版,七年级上册,第一单元 生物和细胞 第二章 认识细胞,6,"显微镜的构造与使用 | 植物细胞的基本结构 | 动物细胞的基本结构 | 细胞的生活需要物质和能量 | 细胞核是细胞的控制中心 | 动植物细胞结构的异同",是（新建）
junior,biology,人教版,七年级上册,第二单元 多种多样的生物 第一章 藻类与植物的类群,4,"藻类植物的主要特征 | 苔藓植物和蕨类植物的主要特征 | 裸子植物与被子植物 | 种子的结构",是（新建）
junior,biology,人教版,七年级上册,第二单元 多种多样的生物 第三章 微生物,5,"菌落的培养与观察 | 细菌的形态和结构 | 真菌的形态和结构 | 病毒的结构和生活 | 微生物与人类的关系",是（新建）
junior,biology,人教版,七年级上册,第二单元 多种多样的生物 第二章 动物的类群,5,"无脊椎动物的主要类群 | 鱼类的主要特征 | 两栖动物和爬行动物的主要特征 | 鸟类的主要特征 | 哺乳动物的主要特征",是（新建）
junior,biology,人教版,七年级上册,第二单元 多种多样的生物 第四章 生物分类的方法,5,"生物分类的依据 | 植物的分类 | 动物的分类 | 生物分类的等级 | 双名法",是（新建）
junior,biology,人教版,七年级下册,第三单元 植物的生活 第一章 被子植物的一生,7,"种子萌发的环境条件 | 种子萌发的自身条件 | 根尖的结构和幼根的生长 | 芽的发育与枝条的形成 | 花的结构 | 传粉和受精 | 果实和种子的形成",是（新建）
junior,biology,人教版,七年级下册,第三单元 植物的生活 第二章 植物体内的物质与能量变化,7,"植物对水分的吸收和运输 | 蒸腾作用 | 叶片的结构 | 光合作用的原料和产物 | 光合作用的实质和意义 | 呼吸作用的实质 | 绿色植物与生物圈碳—氧平衡",是（新建）
junior,biology,人教版,七年级下册,第四单元 人体生理与健康(一) 第一章 人的生殖和发育,5,"男性生殖系统的结构和功能 | 女性生殖系统的结构和功能 | 受精过程和胚胎发育 | 青春期的身体变化 | 青春期的心理变化",是（新建）
junior,biology,人教版,七年级下册,第四单元 人体生理与健康(一) 第三章 人体的呼吸,4,"呼吸系统的组成 | 呼吸道的作用 | 肺与外界的气体交换 | 肺泡与血液的气体交换",是（新建）
junior,biology,人教版,七年级下册,第四单元 人体生理与健康(一) 第二章 人体的营养,6,"六大营养物质的作用 | 消化系统的组成 | 食物的消化过程 | 营养物质的吸收 | 合理营养 | 食品安全",是（新建）
junior,biology,人教版,七年级下册,第四单元 人体生理与健康(一) 第五章 人体内废物的排出,4,"泌尿系统的组成 | 肾脏的结构 | 尿的形成过程 | 其他排泄途径",是（新建）
junior,biology,人教版,七年级下册,第四单元 人体生理与健康(一) 第四章 人体内物质的运输,5,"血液的组成和功能 | 动脉、静脉和毛细血管 | 心脏的结构和功能 | 血液循环的途径 | 输血与血型",是（新建）
junior,biology,人教版,八年级上册,第一章 生态系统,6,"环境对生物的影响 | 生物对环境的适应和影响 | 生态系统的组成 | 食物链和食物网 | 生态系统的物质循环和能量流动 | 生物圈是最大的生态系统",是（新建）
junior,biology,人教版,八年级上册,第七章 健康地生活,7,"传染病流行的基本环节 | 传染病的预防措施 | 人体的三道防线 | 特异性免疫与非特异性免疫 | 计划免疫 | 安全用药 | 急救的方法",是（新建）
junior,biology,人教版,八年级上册,第二章 生态安全,4,"人类活动对生态环境的影响 | 生物入侵 | 生态安全的概念 | 保护生态环境的措施",是（新建）
junior,biology,人教版,八年级上册,第六章 人体生命活动的调节,7,"眼的结构与视觉的形成 | 耳的结构与听觉的形成 | 神经系统的组成 | 神经调节的基本方式——反射 | 反射弧的结构 | 运动的产生 | 激素调节",是（新建）
junior,biology,人教版,八年级下册,第一章 生物的生殖,6,"植物的有性生殖 | 植物的无性生殖 | 扦插和嫁接 | 昆虫的生殖和发育 | 两栖动物的生殖和发育 | 鸟的生殖和发育",是（新建）
junior,biology,人教版,八年级下册,第三章 生物的进化,6,"生命起源的化学进化 | 生物进化的证据 | 生物进化的主要历程 | 自然选择学说 | 人工选择 | 人类的起源和发展",是（新建）
junior,biology,人教版,八年级下册,第二章 生物的遗传与变异,6,"生物的性状 | 基因、DNA和染色体的关系 | 基因在亲子代间的传递 | 基因的显性和隐性 | 人的性别决定 | 生物的变异及其应用",是（新建）
junior,biology,人教版,八年级下册,第四章 生物多样性及其保护,5,"生物多样性的内涵 | 生物多样性三个层次之间的关系 | 生物多样性面临的威胁 | 保护生物多样性的措施 | 人与自然和谐共生",是（新建）
junior,biology,苏教版,七年级上册,第1章 认识细胞,5,"显微镜的构造与使用 | 常用的探究器具 | 动物细胞的结构和功能 | 植物细胞的结构和功能 | 细胞是生命活动的基本单位",是（新建）
junior,biology,苏教版,七年级上册,第2章 生物体的组成,5,"细胞分裂的基本过程 | 细胞分化形成组织 | 单细胞生物的生命活动 | 多细胞植物体的结构层次 | 多细胞动物体的结构层次",是（新建）
junior,biology,苏教版,七年级上册,第3章 形形色色的藻类和植物,5,"藻类植物的主要特征 | 苔藓植物和蕨类植物的主要特征 | 裸子植物的主要特征 | 被子植物的主要特征 | 种子植物与人类的关系",是（新建）
junior,biology,苏教版,七年级上册,第4章 千姿百态的动物,5,"无脊椎动物的主要类群 | 脊椎动物的主要类群 | 鱼类适应水中生活的特征 | 鸟类适应飞行的特征 | 哺乳动物的主要特征",是（新建）
junior,biology,苏教版,七年级上册,第5章 无处不在的微生物,5,"细菌的形态和结构 | 真菌的形态和结构 | 病毒的形态和结构 | 微生物与人类生活的关系 | 微生物在自然界中的作用",是（新建）
junior,biology,苏教版,七年级上册,第6章 生物的分类和多样性保护,5,"生物分类的等级 | 生物分类的依据 | 生物多样性的含义 | 生物多样性的价值 | 保护生物多样性的途径",是（新建）
junior,biology,苏教版,七年级下册,第10章 植物的营养与物质运输,5,"根的结构和功能 | 茎的结构和功能 | 叶的结构和功能 | 植物的蒸腾作用 | 水和无机盐在植物体内的运输",是（新建）
junior,biology,苏教版,七年级下册,第11章 植物的光合作用和呼吸作用,7,"光合作用的发现 | 光合作用的场所和原料 | 光合作用的实质和意义 | 植物的呼吸作用 | 光合作用原理的应用 | 呼吸作用原理的应用 | 绿色植物在生物圈中的作用",是（新建）
junior,biology,苏教版,七年级下册,第7章 生态系统,5,"生态系统的组成成分 | 生态系统中的食物链 | 食物网 | 生物富集 | 生物圈是最大的生态系统",是（新建）
junior,biology,苏教版,七年级下册,第8章 生态系统的自我调节和生态安全,4,"生态系统的自我调节能力 | 生态系统的相对稳定性 | 生态安全的概念 | 人类活动对生态安全的影响",是（新建）
junior,biology,苏教版,七年级下册,第9章 绿色开花植物的生命周期,6,"种子的结构 | 种子萌发的条件 | 种子萌发的过程 | 根尖的结构和功能 | 枝芽的发育 | 花的结构和果实的形成",是（新建）
junior,biology,苏教版,八年级上册,第12章 消化系统,6,"人体需要的主要营养物质 | 消化系统的组成 | 食物的消化过程 | 营养物质的吸收 | 合理膳食 | 食品安全",是（新建）
junior,biology,苏教版,八年级上册,第13章 循环系统,5,"血液的组成和功能 | 血管的类型和特点 | 心脏的结构和功能 | 血液循环的途径 | 血压",是（新建）
junior,biology,苏教版,八年级上册,第14章 呼吸系统,4,"呼吸系统的组成 | 呼吸运动与肺通气 | 人体内的气体交换 | 呼吸的全过程",是（新建）
junior,biology,苏教版,八年级上册,第15章 泌尿系统,4,"泌尿系统的组成 | 肾单位的结构 | 尿液的形成过程 | 人体排泄的途径",是（新建）
junior,biology,苏教版,八年级上册,第16章 人体生命活动的调节,7,"神经系统的组成 | 神经调节的基本方式 | 反射弧 | 眼与视觉 | 耳与听觉 | 激素调节 | 青春期发育",是（新建）
junior,biology,苏教版,八年级下册,第17章 传染病和免疫,5,"人体的免疫防线 | 非特异性免疫和特异性免疫 | 计划免疫 | 传染病的传播环节 | 传染病的预防措施",是（新建）
junior,biology,苏教版,八年级下册,第18章 健康生活,5,"心血管疾病及其预防 | 癌症及其预防 | 健康的生活方式 | 用药安全 | 急救的方法",是（新建）
junior,biology,苏教版,八年级下册,第19章 生物的生殖,6,"无性生殖的类型 | 植物的营养繁殖 | 植物的有性生殖 | 昆虫的完全变态和不完全变态发育 | 两栖动物的生殖和发育 | 鸟类的生殖和发育",是（新建）
junior,biology,苏教版,八年级下册,第20章 生物的遗传和变异,7,"DNA是主要的遗传物质 | 染色体、DNA和基因的关系 | 基因控制生物的性状 | 人的性别决定 | 生物的变异 | 杂交育种 | 转基因技术",是（新建）
junior,biology,苏教版,八年级下册,第21章 生命起源和生物进化,5,"生命起源的化学演化学说 | 生物进化的证据 | 生物进化的历程 | 自然选择学说 | 人类的起源和进化",是（新建）
junior,chinese,统编版,七年级上册,第一单元 四季美景,6,"朗读与重音停连 | 比喻与拟人修辞 | 景物描写与情景交融 | 品味散文的语言 | 古诗中的意象与情感 | 写作：热爱写作，学会观察",是（新建）
junior,chinese,统编版,七年级上册,第三单元 学习生活,6,"默读与圈点勾画 | 理清思路与概括中心 | 回忆性散文的叙事与情感 | 《论语》语录体与常用文言实词 | 整本书阅读：精读略读浏览（《朝花夕拾》） | 写作：如何突出中心",是（新建）
junior,chinese,统编版,七年级上册,第二单元 至爱亲情,6,"朗读与把握感情基调 | 记事的脉络与详略安排 | 散文的细节描写与抒情 | 散文诗的意象与情感 | 《世说新语》文言实词与翻译 | 写作：学会记事",是（新建）
junior,chinese,统编版,七年级上册,第五单元 动物与人,6,"把握文章内容与情感倾向 | 文学与科普作品中的动物形象 | 观察与描写动物 | 《狼》文言实词与情节理解 | 活动探究：人与动物主题综合表达 | 写作：记叙与动物的相处",是（新建）
junior,chinese,统编版,七年级上册,第六单元 想象之翼,6,"童话与寓言的文体特点 | 联想与想象的阅读欣赏 | 神话故事的想象与夸张 | 《寓言四则》文言寓意理解 | 写作：发挥联想和想象 | 整本书阅读《西游记》",是（新建）
junior,chinese,统编版,七年级上册,第四单元 人生之舟,6,"默读与理清文章层次 | 夹叙夹议与人物精神 | 革命诗歌的意象与情感 | 《诫子书》文言句式与翻译 | 记叙与议论相结合 | 写作：思路要清晰",是（新建）
junior,chinese,统编版,七年级下册,第一单元 群星闪耀,6,"精读与把握人物特征 | 传记与回忆性散文写人 | 典型事例与细节描写 | 外貌语言动作等人物描写方法 | 《孙权劝学》文言实词与翻译 | 写作：写出人物特点",是（新建）
junior,chinese,统编版,七年级下册,第三单元 凡人小事,6,"精读与揣摩细节描写 | 小人物的平凡与光辉 | 欲扬先抑等表现手法 | 《卖油翁》文言实词与哲理 | 整本书阅读：圈点批注（《骆驼祥子》） | 写作：抓住细节",是（新建）
junior,chinese,统编版,七年级下册,第二单元 家国情怀,6,"直接抒情与间接抒情 | 诗歌朗诵与情感把握 | 叙事散文的线索与场面 | 《木兰诗》乐府民歌与互文手法 | 革命传统作品的时代情感 | 写作：学习抒情",是（新建）
junior,chinese,统编版,七年级下册,第五单元 哲理感悟,6,"托物言志与借景抒情 | 散文语言的品味 | 现代诗的意象与情感 | 古代诗歌五首的意象与手法 | 语言简明（语言运用） | 写作：语言要简明",是（新建）
junior,chinese,统编版,七年级下册,第六单元 科幻探索,6,"浏览策略与信息提取 | 纪实作品的真实性与科学性 | 科幻作品的想象与科学 | 《活板》文言实词与古代科技 | 活动探究：搜集整理与口头呈现 | 科学探险主题综合实践",是（新建）
junior,chinese,统编版,七年级下册,第四单元 修身正己,6,"记叙文的选材与组材 | 悬念与误会手法 | 议论文的观点与材料 | 《短文两篇》托物言志与文言句式 | 中华美德与修身主题 | 写作：怎样选材",是（新建）
junior,chinese,统编版,九年级上册,第一单元 现代诗歌,6,"现代诗歌的意象与情感 | 诗歌朗诵的节奏与重音 | 诗歌语言的凝练与象征 | 尝试诗歌创作 | 名著导读：《艾青诗选》如何读诗 | 活动探究：诗歌鉴赏与创作",是（新建）
junior,chinese,统编版,九年级上册,第三单元 古文寄怀,6,"文言散文的写景与抒情 | 作者胸襟与政治抱负 | 文言实词虚词与翻译 | 诗词三首的情感与典故 | 古代贬谪文学情怀 | 写作：议论要言之有据",是（新建）
junior,chinese,统编版,九年级上册,第二单元 修身议论,6,"议论性文章的观点与材料 | 论点的提出与明确 | 举例论证与道理论证 | 议论文语言的严谨 | 写作：观点要明确 | 综合性学习：君子自强不息",是（新建）
junior,chinese,统编版,九年级上册,第五单元 思辨议论,6,"议论文的论点论据论证 | 驳论文的特点 | 逻辑思辨能力 | 多种论证方法的综合运用 | 写作：论证要合理 | 口语交际：讨论",是（新建）
junior,chinese,统编版,九年级上册,第六单元 古典小说,6,"古典小说的阅读方法 | 章回体小说与情节结构 | 人物形象与社会批判 | 古典白话小说的语言 | 写作：学习改写 | 名著导读：《水浒传》古典小说阅读",是（新建）
junior,chinese,统编版,九年级上册,第四单元 少年小说,6,"小说三要素：人物情节环境 | 少年成长与社会变迁 | 小说的细节与环境描写 | 人物形象分析 | 写作：学习缩写 | 综合性学习：走进小说天地",是（新建）
junior,chinese,统编版,九年级下册,第一单元 爱国诗潮,6,"现代诗的意象与抒情 | 朦胧诗的多义性 | 革命诗歌的情感 | 散文诗的象征手法 | 写作：学习扩写 | 爱国主题诗歌鉴赏",是（新建）
junior,chinese,统编版,九年级下册,第三单元 古文担当,6,"文言议论文的论点（《鱼我所欲也》） | 史传文的人物（《唐雎不辱使命》） | 劝学序文与苦读精神（《送东阳马生序》） | 词四首的豪放词风与情感 | 写作：布局谋篇 | 名著导读：《儒林外史》讽刺作品阅读",是（新建）
junior,chinese,统编版,九年级下册,第二单元 世相小说,6,"小说的人物形象与社会意义 | 讽刺小说的特点 | 细节描写与语言描写 | 讽刺与批判手法 | 写作：审题立意 | 综合性学习：岁月如歌",是（新建）
junior,chinese,统编版,九年级下册,第五单元 戏剧舞台,6,"戏剧的文体特点 | 戏剧冲突与人物台词 | 舞台说明与戏剧语言 | 话剧排演与评议 | 活动探究：准备排练演出 | 戏剧文学鉴赏",是（新建）
junior,chinese,统编版,九年级下册,第六单元 史传经典,6,"史传散文的叙事与人物 | 文言实词虚词与翻译 | 劝谏艺术与治国思想 | 诗词曲五首的意象与情感 | 写作：有创意地表达 | 名著导读：《简·爱》外国小说阅读",是（新建）
junior,chinese,统编版,九年级下册,第四单元 文艺随笔,6,"议论文的阅读与提炼观点 | 读书方法与思辨 | 文艺论文的意境与审美 | 修改润色与语言锤炼 | 口语交际：辩论 | 写作：修改润色",是（新建）
junior,chinese,统编版,八年级上册,第一单元 新闻采编,6,"消息的文体与结构（标题导语主体） | 新闻六要素与信息提取 | 新闻特写与通讯的特点 | 新闻采访与新闻写作 | 口语交际：讲述 | 活动探究：新闻采编实践",是（新建）
junior,chinese,统编版,八年级上册,第三单元 山水美文,6,"文言写景散文的实词与翻译 | 借景抒情与山水意境 | 骈散结合的语言特点 | 唐诗五首的意象与情感 | 写作：学习描写景物 | 名著导读：纪实作品阅读（《红星照耀中国》）",是（新建）
junior,chinese,统编版,八年级上册,第二单元 人物回忆,6,"回忆性散文与传记文体 | 典型事例表现人物品格 | 细节描写与人物精神 | 传记的真实性与文学性 | 写作：学写传记 | 综合性学习：人无信不立",是（新建）
junior,chinese,统编版,八年级上册,第五单元 说明事物,6,"事物说明文的文体特点 | 抓住特征说明事物 | 举例子列数字作比较等说明方法 | 说明顺序与说明语言 | 写作：说明事物要抓住特征 | 名著导读：科普作品阅读（《昆虫记》）",是（新建）
junior,chinese,统编版,八年级上册,第六单元 品格担当,6,"文言诸子散文的观点与论证 | 《孟子》的雄辩语言与排比 | 历史人物与品格担当 | 诗词五首的意象与情感 | 写作：表达要得体 | 综合性学习：身边的文化遗产",是（新建）
junior,chinese,统编版,八年级上册,第四单元 情思散文,6,"借物喻人与象征手法 | 细节描写与父子情深 | 散文语言的品味与连贯 | 托物言志与哲理议论 | 写作：语言要连贯 | 综合性学习：我们的互联网时代",是（新建）
junior,chinese,统编版,八年级下册,第一单元 民俗风情,6,"小说中的乡村风情与童年记忆 | 陕北民歌与地方文化 | 散文的场面描写与节奏 | 多种表达方式综合运用 | 民俗文化与家乡情感 | 写作：考虑目的和对象",是（新建）
junior,chinese,统编版,八年级下册,第三单元 古文理想,6,"文言记体散文的阅读与翻译 | 理想社会与山水情怀 | 古代工艺与说明（《核舟记》） | 《诗经》赋比兴与重章叠句 | 写作：学写读后感 | 整本书阅读：《经典常谈》",是（新建）
junior,chinese,统编版,八年级下册,第二单元 科学事理,6,"事理说明文的阅读 | 逻辑顺序与说明顺序 | 筛选信息与理清因果 | 科普文语言的准确严谨 | 写作：说明的顺序 | 专题学习：绿水青山低碳生活",是（新建）
junior,chinese,统编版,八年级下册,第五单元 游记风光,6,"游记的游踪与写景角度 | 景物描写与情景交融 | 多种写景方法与感官调动 | 写作：学写游记 | 口语交际：即席讲话 | 祖国山河与审美体验",是（新建）
junior,chinese,统编版,八年级下册,第六单元 先哲情怀,6,"文言诸子散文的思想 | 《庄子》寓言与想象 | 《礼记》教学相长与大同理想 | 《马说》托物寓意 | 唐诗三首的现实主义情感 | 写作：负责任地表达",是（新建）
junior,chinese,统编版,八年级下册,第四单元 演讲表达,6,"演讲词的特点与针对性 | 演讲的观点与思路 | 口语表达与说服力 | 撰写演讲稿 | 举办演讲比赛实践 | 活动探究：演讲活动",是（新建）
junior,english,人教版,七年级上册,Starter Unit 1 Hello!,4,"问候与自我介绍用语 | 英文字母的认读与书写 | 听力：辨识问候语与姓名 | 口语：见面问候并介绍自己",是（新建）
junior,english,人教版,七年级上册,Starter Unit 2 Keep Tidy!,4,"学习用品与教室物品词汇 | 课堂指令与祈使表达 | 听力：听懂物品名称与指令 | 口语：指认物品并保持整洁",是（新建）
junior,english,人教版,七年级上册,Starter Unit 3 Welcome!,4,"数字与个人基本信息词汇 | 欢迎来客与介绍他人用语 | 听力：抓取数字与关键信息 | 口语：欢迎来客并询问信息",是（新建）
junior,english,人教版,七年级上册,Unit 1 You and Me,6,"be动词（am/is/are）的用法 | 人称代词主格与形容词性物主代词 | 个人信息与结交朋友词汇 | 听力：获取新朋友基本信息 | 口语：谈论新朋友并自我介绍 | 写作：写一段自我介绍",是（新建）
junior,english,人教版,七年级上册,Unit 2 We're Family!,7,"家庭成员词汇 | 指示代词this/that/these/those | who引导的特殊疑问句 | 名词复数的规则变化 | 听力：辨识家庭成员关系 | 口语：介绍自己的家人 | 写作：介绍家庭人物",是（新建）
junior,english,人教版,七年级上册,Unit 3 My School,6,"学校场所与设施词汇 | 方位介词的用法 | there be句型表存在 | 听力：根据对话定位场所 | 口语：描述学校并指路 | 写作：介绍自己的学校",是（新建）
junior,english,人教版,七年级上册,Unit 4 My Favourite Subject,6,"学科与星期词汇 | what/why/who/when特殊疑问句 | 形容词favourite的用法 | 听力：获取课程与老师信息 | 口语：谈论最喜欢的学科及原因 | 写作：介绍最喜爱的学科",是（新建）
junior,english,人教版,七年级上册,Unit 5 Fun Clubs,6,"学校社团与活动词汇 | 情态动词can表能力与请求 | can的一般疑问句及简略回答 | 听力：听对话选择合适社团 | 口语：谈论能做的事并邀请同伴 | 写作：撰写社团招募信息",是（新建）
junior,english,人教版,七年级上册,Unit 6 A Day in the Life,6,"日常作息与时间表达词汇 | 一般现在时（第三人称单数） | what time/when询问日常活动 | 听力：听出一天的活动顺序 | 口语：谈论日常作息 | 写作：描述自己的一天",是（新建）
junior,english,人教版,七年级上册,Unit 7 Happy Birthday!,6,"月份与序数词 | 日期与生日表达 | When引导的生日疑问句 | 听力：抓取日期与年龄信息 | 口语：谈论生日如何庆祝 | 写作：撰写生日邀请或祝福",是（新建）
junior,english,人教版,七年级下册,Unit 1 Animal Friends,6,"动物与描述性形容词词汇 | why与because表原因 | 形容词描述动物特征 | 听力：获取动物栖息地与习性 | 口语：谈论喜欢的动物及理由 | 写作：介绍一种动物",是（新建）
junior,english,人教版,七年级下册,Unit 2 No Rules, No Order,6,"规则与公共场所词汇 | 祈使句（肯定与否定） | 情态动词must/have to/can't表规则 | 听力：辨识规则要求 | 口语：谈论并制定规则 | 写作：撰写规则告示",是（新建）
junior,english,人教版,七年级下册,Unit 3 Keep Fit,6,"运动与健康生活词汇 | how often与频率副词 | 一般现在时表习惯 | 听力：获取运动频率信息 | 口语：谈论锻炼习惯 | 写作：介绍健康的生活方式",是（新建）
junior,english,人教版,七年级下册,Unit 4 Eat Well,7,"食物与三餐词汇 | 可数名词与不可数名词 | some与any的用法 | would like表达饮食需求 | 听力：听懂点餐与饮食喜好 | 口语：谈论饮食偏好 | 写作：推荐健康食谱",是（新建）
junior,english,人教版,七年级下册,Unit 5 Here and Now,6,"现在进行时（be+V-ing）构成 | 现在进行时表正在发生的动作 | 日常活动词汇扩展 | 听力：听出正在进行的活动 | 口语：描述此刻正在做的事 | 写作：描写正在发生的场景",是（新建）
junior,english,人教版,七年级下册,Unit 6 Rain or Shine,6,"天气与季节词汇 | 现在进行时表天气 | How's the weather提问方式 | 听力：获取天气与活动信息 | 口语：谈论天气并安排活动 | 写作：撰写天气预报短文",是（新建）
junior,english,人教版,七年级下册,Unit 7 A Day to Remember,5,"一般过去时（规则动词） | 过去时间状语的用法 | 听力：捕捉一天活动的顺序 | 口语：谈论难忘的一天 | 写作：按时间顺序记叙一件事",是（新建）
junior,english,人教版,七年级下册,Unit 8 Once upon a Time,5,"一般过去时（不规则动词） | 讲故事的连接词 | 听力：听懂简单故事梗概 | 口语：复述小故事 | 写作：续写或改写小故事",是（新建）
junior,english,人教版,九年级上册,Unit 1 The Changing World,5,"今昔变化与环境词汇 | 现在完成时（have/has done） | 听力：获取今昔对比信息 | 口语：谈论身边的变化 | 写作：对比过去与现在",是（新建）
junior,english,人教版,九年级上册,Unit 2 Inspiring People,5,"杰出人物与事迹词汇 | 定语从句初步（who/that/which） | 听力：抓取人物事迹细节 | 口语：介绍一位榜样人物 | 写作：写人物介绍短文",是（新建）
junior,english,人教版,九年级上册,Unit 3 Smart Learning,5,"学习方法与策略词汇 | 宾语从句（that/if及疑问词引导） | 听力：理解学习方法建议 | 口语：谈论高效学习方法 | 写作：分享学习经验",是（新建）
junior,english,人教版,九年级上册,Unit 4 Our Memory,5,"记忆与大脑相关词汇 | 宾语从句的语序与时态呼应 | 听力：获取记忆方法信息 | 口语：谈论记忆经历 | 写作：介绍提升记忆的方法",是（新建）
junior,english,人教版,九年级上册,Unit 5 Power of Ideas,5,"发明与创造词汇 | 被动语态（一般现在与过去时） | 听力：抓取发明过程信息 | 口语：谈论一项发明 | 写作：介绍一项发明及其影响",是（新建）
junior,english,人教版,九年级上册,Unit 6 Beyond Earth,5,"太空与航天词汇 | 被动语态扩展运用 | 听力：获取航天探索信息 | 口语：谈论太空探索 | 写作：介绍一次太空探索事件",是（新建）
junior,english,人教版,九年级上册,Unit 7 Feel the Rhythm,5,"音乐与艺术词汇 | 定语从句（that/which/who） | 听力：理解音乐话题 | 口语：谈论音乐喜好 | 写作：介绍喜欢的音乐类型",是（新建）
junior,english,人教版,九年级上册,Unit 8 More than a Game,5,"体育与运动精神词汇 | 主谓一致 | 听力：获取比赛信息 | 口语：谈论体育与运动精神 | 写作：记叙一场比赛或活动",是（新建）
junior,english,人教版,九年级下册,Unit 11 Sad movies make me cry.,5,"情感与电影词汇 | make宾语补足语结构（make sb. do/adj.） | 听力：获取情感与原因信息 | 口语：谈论事物对情绪的影响 | 写作：表达感受及原因",是（新建）
junior,english,人教版,九年级下册,Unit 12 Life is full of the unexpected.,5,"意外事件与时间词汇 | 过去完成时（had done） | 听力：听懂事件先后顺序 | 口语：讲述一次意外经历 | 写作：按时间记叙突发事件",是（新建）
junior,english,人教版,九年级下册,Unit 13 We're trying to save the earth!,5,"环境与保护词汇 | 情态动词表应该/必须 | 听力：获取环境问题信息 | 口语：谈论环保行动 | 写作：撰写环保倡议",是（新建）
junior,english,人教版,九年级下册,Unit 14 I remember meeting all of you in Grade 7.,5,"校园回忆与未来展望词汇 | remember to do与remember doing辨析 | 听力：回顾校园经历 | 口语：分享初中回忆与未来计划 | 写作：写毕业留言或临别致辞",是（新建）
junior,english,人教版,八年级上册,Unit 1 Happy Holiday,6,"假期活动与地点词汇 | 一般过去时综合运用 | 不定代词something/anything等 | 听力：获取假期经历信息 | 口语：谈论假期活动与感受 | 写作：记述一次假期经历",是（新建）
junior,english,人教版,八年级上册,Unit 2 Home Sweet Home,5,"家务与居家生活词汇 | 情态动词could表请求与许可 | 听力：辨识家务分工与请求 | 口语：请求帮助并分担家务 | 写作：撰写请求或感谢便条",是（新建）
junior,english,人教版,八年级上册,Unit 3 Same or Different?,6,"人物外貌与性格词汇 | 形容词/副词比较级 | both与as...as表比较 | 听力：获取人物异同信息 | 口语：比较两个人或事物 | 写作：介绍朋友并比较异同",是（新建）
junior,english,人教版,八年级上册,Unit 4 Amazing Plants and Animals,5,"动植物与自然词汇 | 形容词/副词最高级 | 听力：抓取关键细节信息 | 口语：谈论最……的动植物 | 写作：制作动植物介绍海报",是（新建）
junior,english,人教版,八年级上册,Unit 5 What a Delicious Meal!,6,"食物与烹饪词汇 | 顺序词first/then/next/finally | 祈使句表操作指令 | 听力：听懂制作流程 | 口语：描述并分享食谱 | 写作：写一道菜的做法",是（新建）
junior,english,人教版,八年级上册,Unit 6 Plan for Yourself,5,"计划与目标词汇 | be going to表打算与计划 | 听力：获取计划安排信息 | 口语：谈论未来计划 | 写作：写一份个人计划",是（新建）
junior,english,人教版,八年级上册,Unit 7 When Tomorrow Comes,5,"未来与预测词汇 | will表将来与预测 | 听力：辨识对未来的预测 | 口语：预测并谈论未来生活 | 写作：描绘未来生活图景",是（新建）
junior,english,人教版,八年级上册,Unit 8 Let's Communicate!,5,"沟通方式与情感词汇 | 宾语从句初步（that/if引导） | 听力：理解观点与态度 | 口语：就沟通方式交换看法 | 写作：写邮件或书信交流",是（新建）
junior,english,人教版,八年级下册,Unit 1 Time to Relax,5,"业余爱好与休闲词汇 | 情态动词should表建议 | 听力：获取兴趣爱好信息 | 口语：谈论课余爱好 | 写作：介绍一项爱好及其益处",是（新建）
junior,english,人教版,八年级下册,Unit 2 Stay Healthy,5,"身体不适与健康问题词汇 | should/shouldn't给出建议 | 听力：听懂健康问题与建议 | 口语：描述不适并给出建议 | 写作：撰写健康建议短文",是（新建）
junior,english,人教版,八年级下册,Unit 3 Growing Up,5,"烦恼与成长词汇 | 提建议的多种表达 | 听力：理解烦恼与建议 | 口语：倾诉烦恼并寻求建议 | 写作：写一封求助或建议信",是（新建）
junior,english,人教版,八年级下册,Unit 4 The Wonders of Nature,5,"自然奇观与地理词汇 | have/has been to的用法 | 听力：抓取奇观描述细节 | 口语：谈论自然奇观 | 写作：介绍一处自然奇观",是（新建）
junior,english,人教版,八年级下册,Unit 5 Nature's Temper,6,"天气灾害与自然现象词汇 | 过去进行时（was/were doing） | when/while引导的时间状语从句 | 听力：听懂事件发生场景 | 口语：描述突发事件 | 写作：按时间记叙一次经历",是（新建）
junior,english,人教版,八年级下册,Unit 6 Crossing Cultures,5,"文化习俗与礼仪词汇 | 宾语从句的语序 | 听力：获取文化差异信息 | 口语：谈论中外文化差异 | 写作：介绍一种文化习俗",是（新建）
junior,english,人教版,八年级下册,Unit 7 A Good Read,5,"书籍与文学词汇 | 现在完成时与already/yet/ever/never | 听力：听懂读书话题 | 口语：谈论读过的书 | 写作：写一篇读后感或书评",是（新建）
junior,english,人教版,八年级下册,Unit 8 Making a Difference,5,"志愿与公益词汇 | 现在完成时与for/since | 听力：获取公益活动信息 | 口语：谈论帮助他人的经历 | 写作：记叙一次志愿活动",是（新建）
junior,english,外研版,七年级上册,Starter Welcome to junior high!,5,"26个字母与音标入门 | 课堂指令与校园场所词汇 | be动词(am/is/are)入门 | 口语：问候与自我介绍 | 写作：填写个人信息卡",是（新建）
junior,english,外研版,七年级上册,Unit 1 A new start,6,"be动词与人称代词主格 | 校园生活与个人信息词汇 | 特殊疑问句(what/where/who) | 听力：获取个人细节信息 | 口语：介绍自己与新朋友 | 写作：应用文-自我介绍",是（新建）
junior,english,外研版,七年级上册,Unit 2 More than fun,6,"一般现在时 | 兴趣爱好与社团活动词汇 | 动词-ing形式(作宾语) | 听力：理解主旨大意 | 口语：谈论课余活动 | 写作：短文-我的爱好",是（新建）
junior,english,外研版,七年级上册,Unit 3 Family ties,6,"物主代词(my/your/his/her) | 家庭成员词汇 | 一般现在时第三人称单数 | 听力：抓取人物关系细节 | 口语：介绍家人 | 写作：短文-我的全家福",是（新建）
junior,english,外研版,七年级上册,Unit 4 Time to celebrate,6,"月份与日期表达 | 特殊疑问词when/what time | 一般现在时表节日与惯例 | 中外节日文化词汇 | 听力：获取时间与活动信息 | 写作：应用文-节日贺卡/邀请函",是（新建）
junior,english,外研版,七年级上册,Unit 5 The power of plants,6,"可数名词与不可数名词 | There be句型 | some/any的用法 | 植物与自然词汇 | 听力：理解说明性材料 | 写作：短文-我喜爱的植物",是（新建）
junior,english,外研版,七年级上册,Unit 6 Fantastic friends,6,"形容词描述事物特征 | 情态动词can表能力 | 动物与外形特征词汇 | 听力：获取动物细节 | 口语：描述一种动物 | 写作：短文-我喜爱的动物",是（新建）
junior,english,外研版,七年级下册,Unit 1 The secrets of happiness,6,"一般过去时(规则动词) | 情绪与感受词汇 | 并列连词and/but/so | 听力：理解事件因果 | 口语：讲述让你开心的事 | 写作：短文-快乐的一天",是（新建）
junior,english,外研版,七年级下册,Unit 2 Go for it!,6,"一般过去时(不规则动词) | 运动与健康词汇 | 频度副词初步 | 听力：捕捉动作与结果 | 口语：谈论一次运动经历 | 写作：记叙文-一次比赛",是（新建）
junior,english,外研版,七年级下册,Unit 3 Food matters,6,"可数/不可数名词与量词 | 食物与餐饮词汇 | 祈使句与建议(should) | 听力：获取点餐与数量信息 | 口语：给出健康饮食建议 | 写作：应用文-健康饮食建议书",是（新建）
junior,english,外研版,七年级下册,Unit 4 The art of having fun,6,"现在进行时 | 娱乐与艺术活动词汇 | 现在进行时表正在发生 | 听力：理解正在进行的活动 | 口语：描述正在做的事 | 写作：短文-周末休闲时光",是（新建）
junior,english,外研版,七年级下册,Unit 5 Amazing nature,6,"形容词/副词最高级初步 | 自然景观词汇 | 表感受的形容词 | 听力：抓取地点与特征 | 口语：描述一处自然景观 | 写作：说明文-一处自然奇观",是（新建）
junior,english,外研版,七年级下册,Unit 6 Hitting the road,6,"一般将来时(be going to/will) | 交通方式与旅行词汇 | 不定代词初步 | 听力：获取行程安排信息 | 口语：计划一次旅行 | 写作：应用文-旅行计划邮件",是（新建）
junior,english,外研版,九年级上册,Unit 1 Teenagers today,6,"宾语从句综合 | 青少年生活与压力词汇 | 连接词(however/therefore) | 听力：抓取观点与论据 | 口语：辩论-青少年话题 | 写作：议论文-青少年问题",是（新建）
junior,english,外研版,九年级上册,Unit 2 On the money,6,"被动语态(各时态) | 金钱与消费词汇 | 情态动词表推测(must/might) | 听力：理解理财建议 | 口语：讨论零花钱管理 | 写作：应用文-消费计划书信",是（新建）
junior,english,外研版,九年级上册,Unit 3 Past passing by,6,"定语从句(that/which/who) | 回忆与往事词汇 | 时态综合辨析 | 听力：抓取时间顺序 | 口语：讲述一段回忆 | 写作：记叙文-难忘的往事",是（新建）
junior,english,外研版,九年级上册,Unit 4 Heroes,6,"定语从句(关系副词when/where) | 英雄人物词汇 | 被动语态综合 | 听力：获取人物事迹 | 口语：介绍心目中的英雄 | 写作：人物传记-我敬佩的人",是（新建）
junior,english,外研版,九年级上册,Unit 5 A fine balance,6,"情态动词综合 | 健康与平衡词汇 | 状语从句(条件/让步) | 听力：理解平衡之道 | 口语：讨论学习与休息 | 写作：议论文-如何平衡生活",是（新建）
junior,english,外研版,九年级上册,Unit 6 Live green,6,"被动语态(含情态动词) | 绿色生活与环保词汇 | 动词不定式与动名词辨析 | 听力：抓取环保行动 | 口语：倡导绿色生活 | 写作：应用文-环保倡议书",是（新建）
junior,english,外研版,九年级下册,Module 1 Travel,5,"一般过去时与过去进行时 | 旅行与交通词汇 | 听力：获取旅行路线信息 | 口语：谈论一次旅行 | 写作：应用文-旅行游记/明信片",是（新建）
junior,english,外研版,九年级下册,Module 2 Education,6,"宾语从句(that/if/whether) | 学校教育与课程词汇 | hope/wish的用法 | 听力：获取学校生活信息 | 口语：介绍理想学校 | 写作：短文-我的学校生活",是（新建）
junior,english,外研版,九年级下册,Module 3 Life now and then,6,"形容词/副词比较等级综合 | 今昔生活对比词汇 | 一般过去时与一般现在时对比 | 听力：抓取变化细节 | 口语：对比今昔生活 | 写作：议论文-生活的变化",是（新建）
junior,english,外研版,九年级下册,Module 4 Rules and suggestions,6,"情态动词must/mustn't | 规则与安全建议词汇 | 祈使句 | 听力：理解安全规则 | 口语：给出安全建议 | 写作：应用文-安全须知/规则",是（新建）
junior,english,外研版,九年级下册,Module 5 Look after yourself,6,"情态动词had better/should | 健康与就医词汇 | 条件状语从句 | 听力：理解健康问题 | 口语：谈论健康建议 | 写作：应用文-健康建议书",是（新建）
junior,english,外研版,九年级下册,Module 6 Eating together,6,"一般现在时被动语态 | 饮食与餐桌礼仪词汇 | 被动语态介绍食物制作 | 听力：获取饮食礼仪 | 口语：谈论中西餐桌礼仪 | 写作：说明文-如何制作食物",是（新建）
junior,english,外研版,九年级下册,Module 7 English for you and me,6,"现在完成时综合 | 语言学习与英语词汇 | 现在完成时与一般过去时辨析 | 听力：获取英语学习经验 | 口语：谈论英语学习方法 | 写作：短文-如何学好英语",是（新建）
junior,english,外研版,九年级下册,Module 8 My future life,6,"宾语从句与定语从句复习 | 友谊与未来规划词汇 | 祝愿与告别表达 | 听力：理解毕业寄语 | 口语：毕业演讲 | 写作：应用文-毕业演讲稿/书信",是（新建）
junior,english,外研版,八年级上册,Unit 1 This is me,6,"一般现在时与现在进行时辨析 | 外貌与性格描述词汇 | 反身代词 | 听力：获取人物特征 | 口语：描述自己与他人 | 写作：人物描写-自我介绍/朋友",是（新建）
junior,english,外研版,八年级上册,Unit 2 Getting along,6,"形容词与副词比较级 | 人际关系与情感词汇 | 宾语从句初步(that) | 听力：理解对话态度 | 口语：化解人际矛盾 | 写作：应用文-建议信",是（新建）
junior,english,外研版,八年级上册,Unit 3 Make it happen!,6,"一般将来时(will/be going to) | 志向与计划词汇 | 动词不定式(作宾语/目的) | 听力：捕捉目标与行动 | 口语：谈论未来计划 | 写作：短文-我的理想",是（新建）
junior,english,外研版,八年级上册,Unit 4 Digital life,6,"现在完成时初步 | 网络与科技词汇 | 情态动词表推测 | 听力：理解数字产品利弊 | 口语：谈论使用电子产品 | 写作：议论文-网络的利与弊",是（新建）
junior,english,外研版,八年级上册,Unit 5 Play by the rules?,6,"被动语态初步(一般现在时) | 规则与体育词汇 | 祈使句与情态动词must | 听力：理解规则细节 | 口语：讨论规则的意义 | 写作：应用文-制定班级规则",是（新建）
junior,english,外研版,八年级上册,Unit 6 When disaster strikes,6,"过去进行时 | 自然灾害与应急词汇 | when/while引导的时间状语从句 | 听力：抓取事件经过 | 口语：讲述一次突发事件 | 写作：记叙文-难忘的经历",是（新建）
junior,english,外研版,八年级下册,Unit 1 Career talks,6,"宾语从句(wh-引导) | 职业与工作词汇 | 情态动词表职责/推测 | 听力：获取职业信息 | 口语：谈论理想职业 | 写作：应用文-职业访谈报道",是（新建）
junior,english,外研版,八年级下册,Unit 2 Growing pains and gains,6,"状语从句(时间/原因) | 成长与情绪词汇 | 一般过去时与现在完成时辨析 | 听力：理解问题与建议 | 口语：倾诉烦恼与求助 | 写作：书信-给朋友的建议信",是（新建）
junior,english,外研版,八年级下册,Unit 3 What makes a great team?,6,"动名词(作主语/宾语) | 团队与合作词汇 | 情态动词表建议 | 听力：理解团队角色 | 口语：讨论团队协作 | 写作：议论文-团队合作",是（新建）
junior,english,外研版,八年级下册,Unit 4 Helping out,6,"动词不定式综合 | 志愿与公益词汇 | 被动语态(一般过去时) | 听力：抓取活动信息 | 口语：描述一次志愿经历 | 写作：应用文-志愿服务倡议书",是（新建）
junior,english,外研版,八年级下册,Unit 5 Looking into nature,6,"现在完成时(for/since) | 自然与环境词汇 | 形容词与副词辨析 | 听力：获取探究过程 | 口语：描述观察与发现 | 写作：说明文-自然观察报告",是（新建）
junior,english,外研版,八年级下册,Unit 6 Living with nature,6,"情态动词(should/must表环保) | 环境保护词汇 | 条件状语从句(if) | 听力：理解环保措施 | 口语：讨论人与自然 | 写作：议论文-保护环境",是（新建）
junior,english,译林版,七年级上册,Unit 1 This is me!,6,"be动词与人称代词 | 自我介绍与结交新朋友话题词汇 | 听力：捕捉人物基本信息 | 口语：介绍自己与他人 | 阅读：理解人物描述短文 | 写作：撰写个人简介",是（新建）
junior,english,译林版,七年级上册,Unit 2 Hobbies,6,"一般现在时（实义动词） | 兴趣爱好话题词汇 | 听力：辨认喜好与活动 | 口语：谈论业余爱好 | 阅读：提取人物爱好信息 | 写作：描写自己的爱好",是（新建）
junior,english,译林版,七年级上册,Unit 3 Welcome to our school,6,"人称代词主格与宾格 | 学校场所与设施话题词汇 | 听力：获取方位与场所信息 | 口语：介绍校园环境 | 阅读：了解学校布局 | 写作：书面介绍自己的学校",是（新建）
junior,english,译林版,七年级上册,Unit 4 School day,6,"时间介词in/on/at | 频度副词与日常作息 | 听力：捕捉时间与活动安排 | 口语：谈论学校一天作息 | 阅读：理解校园生活流程 | 写作：描述一天的学校生活",是（新建）
junior,english,译林版,七年级上册,Unit 5 A healthy lifestyle,6,"可数名词与不可数名词 | 饮食与健康生活方式话题词汇 | 听力：获取饮食与运动信息 | 口语：谈论健康生活习惯 | 阅读：归纳健康生活建议 | 写作：给出健康生活建议",是（新建）
junior,english,译林版,七年级上册,Unit 6 My clothes,my style,6,"特殊疑问词（组） | 服饰与个人风格话题词汇 | 听力：辨认衣物与颜色 | 口语：谈论穿着与喜好 | 阅读：理解着装描述 | 写作：描写自己的日常穿搭",是（新建）
junior,english,译林版,七年级上册,Unit 7 Be wise with money,6,"some/any的用法 | There be句型 | 购物与消费话题词汇 | 听力：捕捉价格与数量信息 | 口语：理性购物与花钱 | 写作：撰写购物清单或消费建议",是（新建）
junior,english,译林版,七年级上册,Unit 8 Let's celebrate!,6,"现在进行时 | 中外节日与庆祝活动话题词汇 | 听力：获取节日活动信息 | 口语：谈论节日庆祝方式 | 阅读：了解节日文化 | 写作：描写自己喜欢的节日",是（新建）
junior,english,译林版,七年级下册,Unit 1 Home,6,"家居与住所话题词汇 | 基数词与序数词 | 听力：获取房屋布局信息 | 口语：描述自己的家 | 阅读：了解不同居所 | 写作：描写自己的家",是（新建）
junior,english,译林版,七年级下册,Unit 2 Neighbourhood,6,"社区与邻里话题词汇 | 方位介词与问路指路 | 听力：获取社区设施位置 | 口语：谈论社区生活与求助 | 阅读：了解邻里互助 | 写作：介绍所住社区",是（新建）
junior,english,译林版,七年级下册,Unit 3 My hometown,6,"家乡与城镇话题词汇 | 形容词描述地方 | 听力：捕捉家乡特色信息 | 口语：介绍自己的家乡 | 阅读：比较不同地方 | 写作：描写家乡并欢迎来访",是（新建）
junior,english,译林版,七年级下册,Unit 4 Chinese folk art,5,"中国传统民间艺术话题词汇 | 听力：获取艺术品信息 | 口语：介绍一种民间艺术 | 阅读：了解传统工艺 | 写作：描写一件民间艺术品",是（新建）
junior,english,译林版,七年级下册,Unit 5 Animal friends,5,"动物与保护话题词汇 | 听力：捕捉动物外形与习性 | 口语：谈论喜欢的动物 | 阅读：理解动物介绍 | 写作：描写一种动物朋友",是（新建）
junior,english,译林版,七年级下册,Unit 6 Beautiful landscapes,5,"自然风光与旅行话题词汇 | 听力：获取景点信息 | 口语：谈论想去的地方 | 阅读：欣赏景物描写 | 写作：描写一处风景",是（新建）
junior,english,译林版,七年级下册,Unit 7 Outdoor fun,6,"一般过去时 | 户外活动与周末趣事话题词汇 | 听力：捕捉过去活动信息 | 口语：讲述一次外出经历 | 阅读：理解趣味故事 | 写作：记叙一次户外活动",是（新建）
junior,english,译林版,七年级下册,Unit 8 Wonderland,5,"奇幻故事话题词汇 | 听力：理解故事场景 | 口语：讲述故事 | 阅读：梳理故事情节 | 写作：续写或编写小故事",是（新建）
junior,english,译林版,九年级上册,Unit 1 Know yourself,5,"人物性格与品质话题词汇 | 听力：获取人物评价信息 | 口语：评价人物性格 | 阅读：理解人物介绍 | 写作：介绍一位自己敬佩的人",是（新建）
junior,english,译林版,九年级上册,Unit 2 Teenage problems,5,"青少年烦恼与问题话题词汇 | 听力：获取困扰与建议信息 | 口语：倾诉烦恼并寻求建议 | 阅读：理解问题与建议 | 写作：写一封信求助或给出建议",是（新建）
junior,english,译林版,九年级上册,Unit 3 Never give up,5,"成长与励志话题词汇 | 听力：获取人物奋斗经历 | 口语：谈论克服困难的经历 | 阅读：理解励志故事 | 写作：记叙一次不放弃的经历",是（新建）
junior,english,译林版,九年级上册,Unit 4 Life is beautiful,5,"生活态度与美好瞬间话题词汇 | 听力：获取生活故事信息 | 口语：分享生活感悟 | 阅读：理解感悟类短文 | 写作：描写生活中美好的时刻",是（新建）
junior,english,译林版,九年级上册,Unit 5 Music speaks,5,"音乐与艺术话题词汇 | 听力：获取音乐相关信息 | 口语：谈论音乐喜好 | 阅读：理解音乐介绍 | 写作：介绍一种音乐或一次音乐体验",是（新建）
junior,english,译林版,九年级上册,Unit 6 The art of the brush,5,"书画与传统艺术话题词汇 | 听力：获取艺术作品信息 | 口语：谈论艺术爱好 | 阅读：理解艺术赏析 | 写作：介绍一件艺术作品",是（新建）
junior,english,译林版,九年级上册,Unit 7 The big screen,5,"电影与影视话题词汇 | 听力：获取电影信息 | 口语：谈论喜欢的电影 | 阅读：理解影评 | 写作：写一篇影评或电影推荐",是（新建）
junior,english,译林版,九年级上册,Unit 8 The world of literature,5,"文学与阅读话题词汇 | 听力：获取文学作品信息 | 口语：谈论文学作品 | 阅读：理解名著简介 | 写作：介绍一部文学作品",是（新建）
junior,english,译林版,九年级下册,Unit 1 Asia,6,"亚洲国家与旅行话题词汇 | 时态综合运用 | 听力：获取旅行目的地信息 | 口语：谈论旅游见闻 | 阅读：了解亚洲城市与文化 | 写作：介绍一个亚洲国家或城市",是（新建）
junior,english,译林版,九年级下册,Unit 2 Great people,6,"伟大人物与成就话题词汇 | 正式与非正式语言 | 听力：获取人物事迹信息 | 口语：介绍一位伟人 | 阅读：理解人物传记 | 写作：描写一位伟大人物",是（新建）
junior,english,译林版,九年级下册,Unit 3 Robots,5,"机器人与未来科技话题词汇 | 听力：获取机器人功能信息 | 口语：谈论机器人的利与弊 | 阅读：理解科普文章 | 写作：想象并描写未来机器人",是（新建）
junior,english,译林版,九年级下册,Unit 4 Life on Mars,5,"未来生活与科幻话题词汇 | 听力：获取未来生活信息 | 口语：畅想未来生活 | 阅读：理解科幻短文 | 写作：想象并描写未来生活",是（新建）
junior,english,译林版,八年级上册,Unit 1 Friendship,6,"形容词比较级与最高级 | 友谊与人物品质话题词汇 | 听力：捕捉人物性格信息 | 口语：描述并评价朋友 | 阅读：理解朋友故事 | 写作：介绍自己的好朋友",是（新建）
junior,english,译林版,八年级上册,Unit 2 School life,6,"形容词与副词原级比较as...as | 学校生活与课程话题词汇 | 听力：获取校园生活信息 | 口语：谈论并比较学校生活 | 阅读：理解校园生活差异 | 写作：比较两所学校或两种校园生活",是（新建）
junior,english,译林版,八年级上册,Unit 3 To be a good learner,6,"副词比较级与最高级 | 学习方法与习惯话题词汇 | 听力：获取学习策略信息 | 口语：交流学习经验 | 阅读：理解高效学习方法 | 写作：分享自己的学习方法",是（新建）
junior,english,译林版,八年级上册,Unit 4 Hands-on fun,6,"祈使句与表建议的should/had better | 动手制作与DIY话题词汇 | 听力：捕捉操作步骤 | 口语：描述制作流程 | 阅读：理解制作说明 | 写作：写一篇制作指南或步骤说明",是（新建）
junior,english,译林版,八年级上册,Unit 5 Wild animals,5,"野生动物与保护话题词汇 | 听力：获取动物生存现状信息 | 口语：谈论保护野生动物 | 阅读：理解动物保护文章 | 写作：撰写保护野生动物的倡议",是（新建）
junior,english,译林版,八年级上册,Unit 6 Seasons,5,"季节与天气话题词汇 | 听力：获取天气与活动信息 | 口语：谈论最喜欢的季节 | 阅读：理解季节描写 | 写作：描写一个季节",是（新建）
junior,english,译林版,八年级上册,Unit 7 The natural world,5,"自然世界与环境保护话题词汇 | 听力：获取自然环境信息 | 口语：谈论自然与环境 | 阅读：理解自然科普 | 写作：描写自然现象或倡议环保",是（新建）
junior,english,译林版,八年级上册,Unit 8 Safe and sound,5,"安全与自护话题词汇 | 听力：获取安全提示信息 | 口语：谈论安全须知 | 阅读：理解安全建议 | 写作：撰写安全守则或应急提示",是（新建）
junior,english,译林版,八年级下册,Unit 1 Past and present,6,"现在完成时（一） | 今昔变化与家乡变迁话题词汇 | 听力：获取变化信息 | 口语：谈论身边的变化 | 阅读：理解今昔对比 | 写作：描写家乡的变化",是（新建）
junior,english,译林版,八年级下册,Unit 2 Amazing China,6,"国家发展与成就话题词汇 | 现在完成时（二） | 听力：获取发展成就信息 | 口语：介绍祖国发展 | 阅读：理解国家成就介绍 | 写作：介绍一项中国发展成就",是（新建）
junior,english,译林版,八年级下册,Unit 3 The world at one click,5,"网络与在线生活话题词汇 | 听力：获取网络使用信息 | 口语：谈论网络利弊 | 阅读：理解在线生活文章 | 写作：谈论网络对生活的影响",是（新建）
junior,english,译林版,八年级下册,Unit 4 A good read,6,"阅读与书籍话题词汇 | 疑问词加动词不定式 | 听力：获取书籍信息 | 口语：谈论喜欢的书 | 阅读：理解书评或故事 | 写作：写一篇书评或读书推荐",是（新建）
junior,english,译林版,八年级下册,Unit 5 Good manners,5,"文明礼仪与行为规范话题词汇 | 听力：获取礼仪场景信息 | 口语：谈论得体行为 | 阅读：理解礼仪文章 | 写作：撰写公共场所礼仪建议",是（新建）
junior,english,译林版,八年级下册,Unit 6 Sunshine for all,5,"公益与志愿帮扶话题词汇 | 听力：获取志愿活动信息 | 口语：谈论帮助他人 | 阅读：理解公益故事 | 写作：撰写志愿活动经历或倡议",是（新建）
junior,english,译林版,八年级下册,Unit 7 Charities,5,"慈善与捐赠话题词汇 | 听力：获取慈善项目信息 | 口语：谈论慈善活动 | 阅读：理解慈善组织介绍 | 写作：撰写慈善活动倡议或书信",是（新建）
junior,english,译林版,八年级下册,Unit 8 A green world,5,"绿色环保与可持续生活话题词汇 | 听力：获取环保举措信息 | 口语：谈论低碳生活 | 阅读：理解环保倡议 | 写作：撰写绿色生活倡议书",是（新建）
junior,history,统编版,七年级上册,第一单元 史前时期：原始社会与中华文明的起源,5,"远古人类的代表（北京人） | 原始农业的产生 | 河姆渡与半坡原始农耕聚落 | 炎黄部落联盟与华夏文明起源 | 禅让制与远古传说",是（新建）
junior,history,统编版,七年级上册,第三单元 秦汉时期：统一多民族封建国家的建立和巩固,6,"秦的统一与中央集权制度 | 秦末农民大起义 | 文景之治与西汉初的治世 | 汉武帝巩固大一统王朝 | 张骞通西域与丝绸之路 | 两汉的科技与文化",是（新建）
junior,history,统编版,七年级上册,第二单元 夏商周时期：奴隶制王朝的更替和向封建社会的过渡,6,"夏商西周王朝的更替 | 西周分封制 | 春秋争霸与社会动荡 | 战国时期的变法运动（商鞅变法） | 百家争鸣 | 青铜器与甲骨文",是（新建）
junior,history,统编版,七年级上册,第四单元 三国两晋南北朝时期：政权分立与民族交融,7,"三国鼎立局面的形成 | 西晋的短暂统一 | 北方少数民族的内迁 | 江南地区的开发 | 北魏孝文帝改革 | 北方地区的民族大交融 | 魏晋南北朝的科技与文化",是（新建）
junior,history,统编版,七年级下册,第一单元 隋唐时期：繁荣与开放的时代,8,"隋朝的统一与大运河 | 贞观之治 | 开元盛世 | 安史之乱与唐朝衰亡 | 隋唐时期的民族交往与交融 | 隋唐时期的中外文化交流 | 科举制的创立 | 隋唐的科技与文化",是（新建）
junior,history,统编版,七年级下册,第三单元 明清时期（至鸦片战争前）：统一多民族封建国家的巩固与发展,8,"明朝君主专制的强化 | 郑和下西洋 | 戚继光抗倭 | 李自成起义与清军入关 | 清朝对西藏和新疆的治理 | 军机处与君主专制的顶峰 | 明清社会经济的发展 | 明清的科技与古典小说",是（新建）
junior,history,统编版,七年级下册,第二单元 辽宋夏金元时期：民族关系发展和社会变化,7,"北宋中央集权与重文轻武政策 | 辽宋夏金民族政权并立 | 宋金对峙与岳飞抗金 | 元朝的建立与统一 | 经济重心南移 | 宋元海外贸易与对外交流 | 宋元的科技与文化",是（新建）
junior,history,统编版,九年级上册,第一单元 文明的产生和古代亚非文明,5,"人类文明的产生 | 古代埃及与金字塔 | 《汉谟拉比法典》 | 古代印度的种姓制度 | 佛教的创立",是（新建）
junior,history,统编版,九年级上册,第七单元 第一次工业革命和马克思主义的诞生,6,"第一次工业革命 | 瓦特改良蒸汽机 | 工厂制度的确立 | 马克思主义的诞生 | 《共产党宣言》 | 巴黎公社",是（新建）
junior,history,统编版,九年级上册,第三单元 封建时代的欧洲,5,"封君封臣制度 | 查理曼帝国 | 西欧中世纪城市的兴起 | 中世纪大学的兴起 | 拜占庭帝国与《查士丁尼法典》",是（新建）
junior,history,统编版,九年级上册,第二单元 古代欧洲文明,6,"希腊城邦制度 | 雅典民主政治 | 亚历山大帝国 | 罗马城邦与罗马共和国 | 罗马帝国的扩张 | 希腊罗马古典文化",是（新建）
junior,history,统编版,九年级上册,第五单元 走向近代,5,"西欧经济发展与资本主义萌芽 | 文艺复兴运动 | 新航路的开辟 | 哥伦布发现美洲 | 早期殖民掠夺与“三角贸易”",是（新建）
junior,history,统编版,九年级上册,第六单元 资本主义制度的初步确立,6,"英国资产阶级革命 | 《权利法案》与君主立宪制 | 美国独立战争 | 《独立宣言》与1787年美国宪法 | 法国大革命 | 《拿破仑法典》",是（新建）
junior,history,统编版,九年级上册,第四单元 中古时期的亚洲、非洲和美洲,5,"大化改新与日本封建制度 | 日本幕府统治 | 伊斯兰教的创立 | 阿拉伯帝国 | 玛雅文明与美洲古国",是（新建）
junior,history,统编版,九年级下册,第一单元 殖民地人民的反抗与资本主义制度的扩展,5,"拉丁美洲独立运动 | 印度民族大起义 | 俄国1861年农奴制改革 | 美国内战（南北战争） | 日本明治维新",是（新建）
junior,history,统编版,九年级下册,第三单元 第一次世界大战和战后初期的世界,6,"第一次世界大战 | 俄国十月革命 | 巴黎和会与《凡尔赛条约》 | 华盛顿会议与《九国公约》 | 苏联的社会主义建设 | 亚非拉民族民主运动的高涨",是（新建）
junior,history,统编版,九年级下册,第二单元 第二次工业革命和近代科学文化,6,"第二次工业革命 | 电力的广泛应用 | 内燃机与新交通工具的发明 | 工业化国家的社会变化 | 近代科学（牛顿与达尔文） | 近代文学艺术",是（新建）
junior,history,统编版,九年级下册,第五单元 二战后的世界变化,6,"冷战的开始 | 杜鲁门主义与马歇尔计划 | 德国分裂与北约华约对峙 | 二战后资本主义的新变化 | 苏联解体与东欧剧变 | 万隆会议与不结盟运动",是（新建）
junior,history,统编版,九年级下册,第六单元 走向和平发展的世界,5,"联合国的成立 | 世界贸易组织 | 冷战后世界多极化趋势 | 经济全球化 | 计算机网络与现代社会生活",是（新建）
junior,history,统编版,九年级下册,第四单元 经济大危机和第二次世界大战,7,"1929—1933年资本主义经济大危机 | 罗斯福新政 | 德国法西斯专政 | 法西斯国家的侵略扩张 | 第二次世界大战的爆发 | 世界反法西斯同盟的建立 | 斯大林格勒战役与世界反法西斯战争的胜利",是（新建）
junior,history,统编版,八年级上册,第一单元 中国开始沦为半殖民地半封建社会,5,"鸦片战争与《南京条约》 | 第二次鸦片战争 | 火烧圆明园 | 太平天国运动 | 中国半殖民地半封建社会的开端",是（新建）
junior,history,统编版,八年级上册,第七单元 人民解放战争,5,"重庆谈判 | 全面内战的爆发 | 解放区的土地改革 | 三大战役 | 南京解放与国民党政权覆灭",是（新建）
junior,history,统编版,八年级上册,第三单元 资产阶级民主革命与中华民国的建立,6,"孙中山与中国同盟会 | 三民主义 | 辛亥革命 | 中华民国的建立 | 袁世凯复辟帝制 | 北洋军阀的割据统治",是（新建）
junior,history,统编版,八年级上册,第二单元 早期现代化的初步探索和民族危机加剧,7,"洋务运动 | 左宗棠收复新疆与边疆危机 | 甲午中日战争与《马关条约》 | 列强瓜分中国狂潮 | 戊戌变法 | 义和团运动 | 八国联军侵华与《辛丑条约》",是（新建）
junior,history,统编版,八年级上册,第五单元 从国共合作到农村革命根据地的建立,6,"第一次国共合作 | 北伐战争 | 井冈山革命根据地的创建 | 工农武装割据 | 红军长征 | 遵义会议",是（新建）
junior,history,统编版,八年级上册,第六单元 中华民族的抗日战争,7,"九一八事变 | 西安事变 | 七七事变与全民族抗战 | 南京大屠杀 | 正面战场的抗战 | 敌后战场与百团大战 | 抗日战争的胜利",是（新建）
junior,history,统编版,八年级上册,第四单元 新民主主义革命的兴起,4,"五四运动 | 马克思主义在中国的传播 | 中国共产党第一次全国代表大会 | 中国共产党的诞生",是（新建）
junior,history,统编版,八年级下册,第一单元 中华人民共和国成立和社会主义制度建立,7,"中华人民共和国成立（开国大典） | 抗美援朝 | 土地改革 | 第一个五年计划 | 人民代表大会制度的确立 | 三大改造 | 和平共处五项原则",是（新建）
junior,history,统编版,八年级下册,第七单元 全面建设社会主义现代化国家,5,"中共二十大 | 第一个百年奋斗目标的实现 | 中国式现代化 | 新发展理念 | 全面建设社会主义现代化国家新征程",是（新建）
junior,history,统编版,八年级下册,第三单元 改革开放与中国特色社会主义的开创,6,"中共十一届三中全会 | 家庭联产承包责任制 | 经济特区的设立 | 对外开放格局的形成 | 城市经济体制改革 | 社会主义初级阶段基本路线",是（新建）
junior,history,统编版,八年级下册,第二单元 社会主义建设道路的探索,6,"中共八大与社会主义建设的探索 | “大跃进”和人民公社化运动 | “文化大革命” | 社会主义建设成就与模范人物 | “两弹一星” | 中国恢复在联合国的合法席位",是（新建）
junior,history,统编版,八年级下册,第五单元 在新形势下坚持和发展中国特色社会主义,4,"中共十六大与全面建设小康社会 | 科学发展观 | 构建社会主义和谐社会 | 中共十七大",是（新建）
junior,history,统编版,八年级下册,第六单元 中国特色社会主义进入新时代,7,"中共十八大 | 中国梦的提出 | 中共十九大 | 习近平新时代中国特色社会主义思想 | 脱贫攻坚战与全面建成小康社会 | 总体国家安全观 | 构建人类命运共同体",是（新建）
junior,history,统编版,八年级下册,第四单元 中国特色社会主义迈向21世纪,5,"邓小平南方谈话 | 社会主义市场经济体制的建立 | 中国加入世界贸易组织 | 香港和澳门回归祖国 | 海峡两岸关系的发展",是（新建）
junior,geography,人教版,七年级上册,第一章 地球,5,"地球的宇宙环境与天体系统层级 | 地球的形状认识过程与大小证据 | 经纬线特点与经纬度定位方法 | 地球自转规律与昼夜更替现象 | 地球公转规律与四季五带划分",是（新建）
junior,geography,人教版,七年级上册,第三章 陆地和海洋,5,"七大洲四大洋的分布与分界线 | 世界主要地形类型及分布规律 | 板块构造学说与海陆变迁 | 火山地震带的分布规律 | 海底地形特征与大洋演化",是（新建）
junior,geography,人教版,七年级上册,第二章 地图,5,"地图三要素与比例尺应用 | 等高线地形图判读方法 | 常见地形部位识别 | 分层设色地形图与地形剖面图 | 电子地图与遥感图像的应用",是（新建）
junior,geography,人教版,七年级上册,第五章 居民与文化,5,"世界人口增长规律与人口分布 | 人口问题与人口政策 | 世界三大人种特征与分布 | 聚落形成与自然环境的关系 | 世界文化多样性与文化遗产保护",是（新建）
junior,geography,人教版,七年级上册,第六章 发展与合作,3,"发达国家与发展中国家的分布差异 | 国际经济合作与经济全球化 | 重要国际组织与全球治理",是（新建）
junior,geography,人教版,七年级上册,第四章 天气与气候,6,"天气符号与天气预报解读 | 气温的日变化与年变化规律 | 世界气温水平分布规律 | 降水的主要类型与分布规律 | 世界主要气候类型特征 | 影响气候的主要因素",是（新建）
junior,geography,人教版,七年级下册,第七章 我们生活的大洲——亚洲,4,"亚洲的地理位置与范围界定 | 亚洲地形地势特征与河流流向 | 亚洲复杂多样的气候类型 | 亚洲人口分布与人文环境特征",是（新建）
junior,geography,人教版,七年级下册,第九章 东半球其他的地区和国家,6,"西亚五海三洲之地与石油资源分布 | 西亚水资源匮乏与宗教文化 | 欧洲西部温带海洋性气候与畜牧业 | 欧洲西部旅游业与区域经济一体化 | 撒哈拉以南非洲的人种文化与经济发展 | 澳大利亚独占大陆的自然环境与特有生物",是（新建）
junior,geography,人教版,七年级下册,第八章 我们邻近的地区和国家,6,"日本的岛国位置与自然环境特征 | 日本工业分布与外向型经济 | 东南亚十字路口位置与马六甲海峡 | 东南亚热带气候与农业生产 | 印度的人口压力与服务外包产业 | 俄罗斯的资源分布与工业特征",是（新建）
junior,geography,人教版,七年级下册,第十一章 极地地区,4,"极地地区的位置范围与极昼极夜现象 | 南极与北极地区的自然环境差异 | 极地冰川变化与全球气候变暖 | 极地科考价值与极地环境保护",是（新建）
junior,geography,人教版,七年级下册,第十章 西半球的国家,4,"美国农业带分布与专业化农业 | 美国高新技术产业与城市化 | 巴西热带雨林的开发与保护 | 巴西的人口城市分布与多元文化",是（新建）
junior,geography,人教版,八年级上册,第一章 从世界看中国,4,"中国的地理位置与疆域四至 | 中国行政区划与省级行政单位 | 中国人口分布特点与人口政策 | 中国民族分布特点与民族文化",是（新建）
junior,geography,人教版,八年级上册,第三章 中国的自然资源,5,"中国土地资源类型与分布特点 | 中国土地利用中的问题与对策 | 中国水资源时空分布与跨流域调水 | 中国矿产资源分布与合理利用 | 中国海洋资源开发与保护",是（新建）
junior,geography,人教版,八年级上册,第二章 中国的自然环境,6,"中国地形地势特征与三级阶梯分布 | 中国主要山脉与地形区分布 | 中国气候复杂多样与季风显著特征 | 中国季风气候的成因与影响 | 中国主要河流的水文特征差异 | 长江与黄河的开发利用与治理",是（新建）
junior,geography,人教版,八年级上册,第五章 建设美丽中国,4,"中国主要自然灾害类型与分布规律 | 防灾减灾体系与应急措施 | 中国主要环境问题与成因分析 | 生态文明建设与可持续发展",是（新建）
junior,geography,人教版,八年级上册,第四章 中国的经济发展,4,"中国农业分布与主要农业区 | 中国工业分布与主要工业基地 | 中国交通运输网与主要铁路干线 | 交通运输布局与区域经济发展",是（新建）
junior,geography,人教版,八年级下册,第七章 北方地区,4,"北方地区自然特征与旱作农业 | 东北三省地形与商品粮基地建设 | 黄土高原水土流失成因与治理 | 北京的城市职能与历史文化传承",是（新建）
junior,geography,人教版,八年级下册,第九章 西北地区,3,"西北地区干旱的自然特征与成因 | 西北地区农牧业分布与绿洲农业 | 塔里木盆地油气资源开发与西气东输工程",是（新建）
junior,geography,人教版,八年级下册,第八章 南方地区,4,"南方地区自然特征与水田农业 | 长江三角洲区位优势与经济发展 | 香港澳门特别行政区与祖国内地联系 | 台湾省的自然环境与经济发展",是（新建）
junior,geography,人教版,八年级下册,第六章 中国的地理差异,3,"四大地理区域划分依据与界线 | 秦岭—淮河一线的地理意义 | 西北地区与青藏地区的自然特征差异",是（新建）
junior,geography,人教版,八年级下册,第十一章 奋进中的中国,3,"中国发展成就与国际地位变化 | 区域协调发展与乡村振兴战略 | 中国走可持续发展道路的实践",是（新建）
junior,geography,人教版,八年级下册,第十章 青藏地区,3,"青藏地区高寒的自然环境特征 | 青藏地区河谷农业与高原牧业 | 三江源地区的生态保护意义",是（新建）
junior,geography,湘教版,七年级上册,第一章 让我们走进地理,5,"地图三要素与比例尺 | 方向的一般定向与经纬网定向 | 等高线地形图判读与地形部位识别 | 图例与注记的识别 | 电子地图与遥感影像的应用",是（新建）
junior,geography,湘教版,七年级上册,第三章 地球的面貌,7,"世界海陆分布特点 | 七大洲四大洋的分布与大洲界线 | 陆地地形与海底地形类型 | 等高线地形图与地形剖面图 | 大陆漂移假说与海陆变迁证据 | 板块构造学说与板块运动 | 世界火山、地震带的分布与成因",是（新建）
junior,geography,湘教版,七年级上册,第二章 认识地球,6,"地球的形状与大小 | 经纬线与经纬度的划分 | 半球划分与经纬网定位 | 地球自转及其地理意义（昼夜交替、时间差异） | 地球公转及其地理意义（四季变化、昼夜长短） | 五带的划分",是（新建）
junior,geography,湘教版,七年级上册,第五章 世界的气候,7,"天气与气候的区别 | 常用天气符号与天气预报 | 气温的日变化、年变化与分布规律 | 降水的变化与世界年降水量分布规律 | 影响气候的主要因素（纬度、海陆、地形） | 世界主要气候类型的特征与分布 | 气候对生产与生活的影响",是（新建）
junior,geography,湘教版,七年级上册,第六章 世界的发展差异,5,"发展中国家与发达国家的划分依据 | 发达国家与发展中国家的地区分布 | 国际经济合作与经济全球化 | 国际组织在国际合作中的作用 | 交通运输在全球经济联系中的作用",是（新建）
junior,geography,湘教版,七年级上册,第四章 世界的居民与文化,7,"世界人口的增长与分布 | 人口过快增长与人口负增长问题 | 世界三大人种的分布 | 世界的语言与宗教分布 | 城市与乡村聚落的形成与分布 | 聚落与自然环境的关系 | 世界文化遗产的保护",是（新建）
junior,geography,湘教版,七年级下册,第七章 认识大洲,7,"亚洲的地理位置与地形地势特征 | 亚洲复杂多样的气候 | 亚洲的河流分布与人口 | 非洲的地理位置与高原地形 | 非洲气候的对称分布与尼罗河 | 南北美洲的地形与气候差异 | 美洲的居民与经济发展差异",是（新建）
junior,geography,湘教版,七年级下册,第九章 走近国家,8,"日本多火山、地震的岛国环境 | 日本加工贸易型经济与工业临海分布 | 埃及尼罗河对农业与城市分布的影响 | 俄罗斯的纬度位置、气候与资源分布 | 俄罗斯的工业布局与西伯利亚大铁路 | 美国农业地区专业化（农业带） | 美国三大工业区与高新技术产业 | 澳大利亚独占一块大陆与古老特有动植物",是（新建）
junior,geography,湘教版,七年级下册,第八章 了解地区,8,"东南亚的十字路口位置与马六甲海峡 | 东南亚的热带气候与水稻、热带经济作物 | 南亚的地形与西南季风对农业的影响 | 西亚的五海三洲位置与石油资源 | 西亚匮乏的水资源与多元宗教文化 | 欧洲西部的温带海洋性气候与畜牧业 | 欧洲西部发达的旅游业 | 两极地区的位置、气候与科学考察",是（新建）
junior,geography,湘教版,八年级上册,第一章 中国的疆域与人口,6,"中国的地理位置及其优越性 | 中国的疆域四至与陆上邻国、隔海相望国家 | 中国的三级行政区划与省级行政单位 | 中国的人口分布（黑河—腾冲线） | 中国人口增长特点与人口政策 | 中国的民族分布特点与民族风情",是（新建）
junior,geography,湘教版,八年级上册,第三章 中国的自然资源,7,"中国自然资源总量丰富、人均不足的特征 | 中国土地资源的构成与分布 | 中国土地资源的利用与保护 | 中国水资源时空分布不均 | 解决水资源不足的途径（跨流域调水、兴修水库） | 中国矿产资源的分布特点 | 中国的海洋资源与海洋国土",是（新建）
junior,geography,湘教版,八年级上册,第二章 中国的自然环境,7,"中国地势三级阶梯的特征 | 中国主要山脉与地形区的分布 | 中国气候复杂多样与季风气候显著 | 特殊天气与主要气象灾害 | 长江的开发利用与治理 | 黄河地上河的成因与综合治理 | 中国主要自然灾害的分布与防灾减灾",是（新建）
junior,geography,湘教版,八年级上册,第四章 中国的主要产业,7,"中国农业的地区分布（东耕西牧、南稻北麦） | 因地制宜发展农业 | 中国主要工业基地的分布 | 中国高新技术产业的发展 | 不同交通运输方式的特点与选择 | 中国主要铁路干线的分布 | 交通运输网对区域发展的带动作用",是（新建）
junior,geography,湘教版,八年级下册,第七章 区域内外联系与协同发展,6,"香港的国际贸易、金融与航运枢纽功能 | 香港地狭人稠与城市建设用地拓展 | 澳门的博彩旅游业与特别行政区 | 祖国内地与港澳的经济联系 | 粤港澳大湾区的区位优势与协同发展 | 长江经济带的东西协同与纽带作用",是（新建）
junior,geography,湘教版,八年级下册,第九章 建设永续发展的美丽中国,5,"中国在世界中的地位与发展方向 | 生态文明建设与可持续发展 | 绿色低碳与循环经济 | 海洋强国建设与蓝色国土 | 人地协调与走可持续发展之路",是（新建）
junior,geography,湘教版,八年级下册,第五章 中国的地域差异,6,"四大地理区域的划分依据与界线 | 秦岭—淮河一线的地理意义 | 北方地区与南方地区的自然与人文差异 | 西北地区干旱的自然特征与农牧业 | 青藏地区高寒的自然特征与河谷农业 | 重要自然地理界线对地理分区的意义",是（新建）
junior,geography,湘教版,八年级下册,第八章 区域地理环境与未来图景,8,"北京的城市职能与建设成就 | 台湾省的地理位置与自然环境 | 台湾的外向型经济与人口城市分布 | 新疆的绿洲农业与地理位置 | 新疆的能源资源开发与生态保护 | 贵州的喀斯特地貌与石漠化治理 | 黄土高原水土流失的治理 | 区域因地制宜与高质量发展",是（新建）
junior,geography,湘教版,八年级下册,第六章 区域地理特征与城乡分布,5,"东北地区山环水绕的地形特征 | 东北地区冷湿的气候与黑土分布 | 东北地区的人口与城市分布 | 东北地区商品粮基地的建设 | 东北地区重工业基地与产业转型升级",是（新建）